Event Index,UTC Timestamp,UTC Date,Local Timestamp,Local Timezone,Local Date,Experiment ID,Experiment Version,Tree Node Key,Repeat Key,Schedule ID,Participant Public ID,Participant Private ID,Participant Starting Group,Participant Status,Participant Completion Code,Participant External Session ID,Participant Device Type,Participant Device,Participant OS,Participant Browser,Participant Monitor Size,Participant Viewport Size,Checkpoint,Task Name,Task Version,randomiser-kkga,randomiser-adb4,randomiser-qy4z,randomiser-96sz,branch-bacs,checkpoint-5mim,checkpoint-uuzu,checkpoint-dtit,checkpoint-ly9c,checkpoint-5gp5,checkpoint-tv5u,checkpoint-pmrq,checkpoint-bic9,checkpoint-gmjm,checkpoint-tmgz,checkpoint-46o1,checkpoint-jyvi,checkpoint-as8d,checkpoint-5yxx,checkpoint-qb97,checkpoint-s95m,checkpoint-dk5r,checkpoint-kcb8,checkpoint-htzq,checkpoint-vo3m,checkpoint-n7br,branch-h5d1,Spreadsheet,Spreadsheet Name,Spreadsheet Row,Trial Number,Screen Number,Screen Name,Zone Name,Zone Type,Reaction Time,Reaction Onset,Response Type,Response,Attempt,Correct,Incorrect,Dishonest,X Coordinate,Y Coordinate,Timed Out,randomise_blocks,randomise_trials,display
1,1670772557912,11/12/2022 15:29:17,1670772538000,0,11/12/2022 15:28:58,96489,6,task-vd7p,,25860267,60425a37f2994f0e28bf29da,7647659,,complete,,6395f743a5ad0fc36e592c45,computer,Desktop or Laptop,Windows 10,Chrome 108.0.0.0,1920x1080,1920x969,str-eyes,consent-form-data-task,2,Team Stroop,stroop-eyes,,,consented,,,str-eyes,,,,,,,,,,,,,,,,,,,consented,Spreadsheet1,,,BEGIN TASK,,,,,,,,,,0,1,0,,,,,,
2,1670772559630,11/12/2022 15:29:19,1670772539770,0,11/12/2022 15:28:59,96489,6,task-vd7p,,25860267,60425a37f2994f0e28bf29da,7647659,,complete,,6395f743a5ad0fc36e592c45,computer,Desktop or Laptop,Windows 10,Chrome 108.0.0.0,1920x1080,1920x969,str-eyes,consent-form-data-task,2,Team Stroop,stroop-eyes,,,consented,,,str-eyes,,,,,,,,,,,,,,,,,,,consented,Spreadsheet1,Spreadsheet1,1,1,1,Screen 1,continueButton,continue_button,1754.5,,,,,0,1,0,,,,,,form
3,1670772559709,11/12/2022 15:29:19,1670772539772,0,11/12/2022 15:28:59,96489,6,task-vd7p,,25860267,60425a37f2994f0e28bf29da,7647659,,complete,,6395f743a5ad0fc36e592c45,computer,Desktop or Laptop,Windows 10,Chrome 108.0.0.0,1920x1080,1920x969,str-eyes,consent-form-data-task,2,Team Stroop,stroop-eyes,,,consented,,,str-eyes,,,,,,,,,,,,,,,,,,,consented,Spreadsheet1,,,END TASK,,,,,1773,,,,,0,1,0,,,,,,
1,1670772735024,11/12/2022 15:32:15,1670772734050,0,11/12/2022 15:32:14,96489,6,task-vd7p,,25860297,5d70443e6f0a380017545335,7647663,,complete,,6395f7e3ba916a0c238749ba,computer,Desktop or Laptop,Windows 10,Edge 108.0.1462.46,1920x1080,1920x969,rdk-eyes,consent-form-data-task,2,Team RDK,,rdk-eyes,,consented,,,,,,,,,,rdk-eyes,,,,,,,,,,,,consented,Spreadsheet1,,,BEGIN TASK,,,,,,,,,,0,1,0,,,,,,
2,1670772737960,11/12/2022 15:32:17,1670772737043,0,11/12/2022 15:32:17,96489,6,task-vd7p,,25860297,5d70443e6f0a380017545335,7647663,,complete,,6395f7e3ba916a0c238749ba,computer,Desktop or Laptop,Windows 10,Edge 108.0.1462.46,1920x1080,1920x969,rdk-eyes,consent-form-data-task,2,Team RDK,,rdk-eyes,,consented,,,,,,,,,,rdk-eyes,,,,,,,,,,,,consented,Spreadsheet1,Spreadsheet1,1,1,1,Screen 1,continueButton,continue_button,2811.5,,,,,0,1,0,,,,,,form
3,1670772738073,11/12/2022 15:32:18,1670772737048,0,11/12/2022 15:32:17,96489,6,task-vd7p,,25860297,5d70443e6f0a380017545335,7647663,,complete,,6395f7e3ba916a0c238749ba,computer,Desktop or Laptop,Windows 10,Edge 108.0.1462.46,1920x1080,1920x969,rdk-eyes,consent-form-data-task,2,Team RDK,,rdk-eyes,,consented,,,,,,,,,,rdk-eyes,,,,,,,,,,,,consented,Spreadsheet1,,,END TASK,,,,,2998,,,,,0,1,0,,,,,,
1,1670772749716,11/12/2022 15:32:29,1670772748543,0,11/12/2022 15:32:28,96489,6,task-vd7p,,25860304,631c780f9c470a68068955ab,7647665,,complete,,6395f7feb337d2e635fcb44d,computer,Desktop or Laptop,Windows 10,Chrome 107.0.0.0,1536x864,1536x714,urn-finalfeed,consent-form-data-task,2,Team Bandit,,,bandit-finalfeedback,consented,,,,,,,,,,,,,,,,,,,,urn-finalfeed,,consented,Spreadsheet1,,,BEGIN TASK,,,,,,,,,,0,1,0,,,,,,
2,1670772761796,11/12/2022 15:32:41,1670772760613,0,11/12/2022 15:32:40,96489,6,task-vd7p,,25860304,631c780f9c470a68068955ab,7647665,,complete,,6395f7feb337d2e635fcb44d,computer,Desktop or Laptop,Windows 10,Chrome 107.0.0.0,1536x864,1519x714,urn-finalfeed,consent-form-data-task,2,Team Bandit,,,bandit-finalfeedback,consented,,,,,,,,,,,,,,,,,,,,urn-finalfeed,,consented,Spreadsheet1,Spreadsheet1,1,1,1,Screen 1,continueButton,continue_button,12040.700000047684,,,,,0,1,0,,,,,,form
3,1670772761865,11/12/2022 15:32:41,1670772760617,0,11/12/2022 15:32:40,96489,6,task-vd7p,,25860304,631c780f9c470a68068955ab,7647665,,complete,,6395f7feb337d2e635fcb44d,computer,Desktop or Laptop,Windows 10,Chrome 107.0.0.0,1536x864,1519x714,urn-finalfeed,consent-form-data-task,2,Team Bandit,,,bandit-finalfeedback,consented,,,,,,,,,,,,,,,,,,,,urn-finalfeed,,consented,Spreadsheet1,,,END TASK,,,,,12073,,,,,0,1,0,,,,,,
1,1670772759342,11/12/2022 15:32:39,1670772759251,0,11/12/2022 15:32:39,96489,6,task-vd7p,,25860308,6137a227b0ebb2e3e5b26b79,7647664,,complete,,6395f7a418f37c1a17d33a64,computer,Desktop or Laptop,Windows 10,Chrome 108.0.0.0,1366x768,1366x625,rdk-posneg,consent-form-data-task,2,Team RDK,,rdk-posnegfeedback,,consented,,,,,,,,,,,,rdk-posneg,,,,,,,,,,consented,Spreadsheet1,,,BEGIN TASK,,,,,,,,,,0,1,0,,,,,,
2,1670772761594,11/12/2022 15:32:41,1670772761531,0,11/12/2022 15:32:41,96489,6,task-vd7p,,25860308,6137a227b0ebb2e3e5b26b79,7647664,,complete,,6395f7a418f37c1a17d33a64,computer,Desktop or Laptop,Windows 10,Chrome 108.0.0.0,1366x768,1366x625,rdk-posneg,consent-form-data-task,2,Team RDK,,rdk-posnegfeedback,,consented,,,,,,,,,,,,rdk-posneg,,,,,,,,,,consented,Spreadsheet1,Spreadsheet1,1,1,1,Screen 1,continueButton,continue_button,2201.600000143051,,,,,0,1,0,,,,,,form
3,1670772761706,11/12/2022 15:32:41,1670772761535,0,11/12/2022 15:32:41,96489,6,task-vd7p,,25860308,6137a227b0ebb2e3e5b26b79,7647664,,complete,,6395f7a418f37c1a17d33a64,computer,Desktop or Laptop,Windows 10,Chrome 108.0.0.0,1366x768,1366x625,rdk-posneg,consent-form-data-task,2,Team RDK,,rdk-posnegfeedback,,consented,,,,,,,,,,,,rdk-posneg,,,,,,,,,,consented,Spreadsheet1,,,END TASK,,,,,2283,,,,,0,1,0,,,,,,
1,1670772780056,11/12/2022 15:33:00,1670772781007,0,11/12/2022 15:33:01,96489,6,task-vd7p,,25860318,5ee15a640c2ad1180fd1df83,7647669,,complete,,6395f81a15e458a1e7f46601,computer,Desktop or Laptop,Windows 10,Chrome 108.0.0.0,1920x1080,1920x969,str-progress,consent-form-data-task,2,Team Stroop,stroop-progressbar,,,consented,,str-progress,,,,,,,,,,,,,,,,,,,,consented,Spreadsheet1,,,BEGIN TASK,,,,,,,,,,0,1,0,,,,,,
2,1670772781460,11/12/2022 15:33:01,1670772782457,0,11/12/2022 15:33:02,96489,6,task-vd7p,,25860318,5ee15a640c2ad1180fd1df83,7647669,,complete,,6395f81a15e458a1e7f46601,computer,Desktop or Laptop,Windows 10,Chrome 108.0.0.0,1920x1080,1920x969,str-progress,consent-form-data-task,2,Team Stroop,stroop-progressbar,,,consented,,str-progress,,,,,,,,,,,,,,,,,,,,consented,Spreadsheet1,Spreadsheet1,1,1,1,Screen 1,continueButton,continue_button,1434.3999999999069,,,,,0,1,0,,,,,,form
3,1670772781508,11/12/2022 15:33:01,1670772782459,0,11/12/2022 15:33:02,96489,6,task-vd7p,,25860318,5ee15a640c2ad1180fd1df83,7647669,,complete,,6395f81a15e458a1e7f46601,computer,Desktop or Laptop,Windows 10,Chrome 108.0.0.0,1920x1080,1920x969,str-progress,consent-form-data-task,2,Team Stroop,stroop-progressbar,,,consented,,str-progress,,,,,,,,,,,,,,,,,,,,consented,Spreadsheet1,,,END TASK,,,,,1452,,,,,0,1,0,,,,,,
1,1670772803178,11/12/2022 15:33:23,1670772803441,0,11/12/2022 15:33:23,96489,6,task-vd7p,,25860332,5fa89ac0ca5626772b0d5fe6,7647672,,complete,,6395f833389ed946f1592c44,computer,Desktop or Laptop,Windows 10,Chrome 108.0.0.0,1536x864,1536x722,urn-bonus,consent-form-data-task,2,Team Bandit,,,bandit-bonus,consented,,,,,,,,,,,,,,,,,,,,,urn-bonus,consented,Spreadsheet1,,,BEGIN TASK,,,,,,,,,,0,1,0,,,,,,
2,1670772804522,11/12/2022 15:33:24,1670772804827,0,11/12/2022 15:33:24,96489,6,task-vd7p,,25860332,5fa89ac0ca5626772b0d5fe6,7647672,,complete,,6395f833389ed946f1592c44,computer,Desktop or Laptop,Windows 10,Chrome 108.0.0.0,1536x864,1519x722,urn-bonus,consent-form-data-task,2,Team Bandit,,,bandit-bonus,consented,,,,,,,,,,,,,,,,,,,,,urn-bonus,consented,Spreadsheet1,Spreadsheet1,1,1,1,Screen 1,continueButton,continue_button,1287.3000000715256,,,,,0,1,0,,,,,,form
3,1670772804629,11/12/2022 15:33:24,1670772804836,0,11/12/2022 15:33:24,96489,6,task-vd7p,,25860332,5fa89ac0ca5626772b0d5fe6,7647672,,complete,,6395f833389ed946f1592c44,computer,Desktop or Laptop,Windows 10,Chrome 108.0.0.0,1536x864,1519x722,urn-bonus,consent-form-data-task,2,Team Bandit,,,bandit-bonus,consented,,,,,,,,,,,,,,,,,,,,,urn-bonus,consented,Spreadsheet1,,,END TASK,,,,,1395,,,,,0,1,0,,,,,,
1,1670772811538,11/12/2022 15:33:31,1670772811074,0,11/12/2022 15:33:31,96489,6,task-vd7p,,25860335,63654019aa8c8104b65bbd2b,7647673,,complete,,6395f83a389ed946f1592c46,computer,Desktop or Laptop,Windows 10,Chrome 108.0.0.0,1920x1080,1920x937,rdk-finalfeed,consent-form-data-task,2,Team RDK,,rdk-finalfeedback,,consented,,,,,,,,,,,,,rdk-finalfeed,,,,,,,,,consented,Spreadsheet1,,,BEGIN TASK,,,,,,,,,,0,1,0,,,,,,
2,1670772814396,11/12/2022 15:33:34,1670772813950,0,11/12/2022 15:33:33,96489,6,task-vd7p,,25860335,63654019aa8c8104b65bbd2b,7647673,,complete,,6395f83a389ed946f1592c46,computer,Desktop or Laptop,Windows 10,Chrome 108.0.0.0,1920x1080,1920x937,rdk-finalfeed,consent-form-data-task,2,Team RDK,,rdk-finalfeedback,,consented,,,,,,,,,,,,,rdk-finalfeed,,,,,,,,,consented,Spreadsheet1,Spreadsheet1,1,1,1,Screen 1,continueButton,continue_button,2846.800000011921,,,,,0,1,0,,,,,,form
3,1670772814475,11/12/2022 15:33:34,1670772813953,0,11/12/2022 15:33:33,96489,6,task-vd7p,,25860335,63654019aa8c8104b65bbd2b,7647673,,complete,,6395f83a389ed946f1592c46,computer,Desktop or Laptop,Windows 10,Chrome 108.0.0.0,1920x1080,1920x937,rdk-finalfeed,consent-form-data-task,2,Team RDK,,rdk-finalfeedback,,consented,,,,,,,,,,,,,rdk-finalfeed,,,,,,,,,consented,Spreadsheet1,,,END TASK,,,,,2878,,,,,0,1,0,,,,,,
1,1670772926656,11/12/2022 15:35:26,1670772927292,0,11/12/2022 15:35:27,96489,6,task-vd7p,,25860383,5ffa0b24faf88d3956789842,7647685,,complete,,6395f8b102421302920c6793,computer,Desktop or Laptop,Windows 10,Edge 107.0.1418.62,1536x864,1707x837,urn-posneg,consent-form-data-task,2,Team Bandit,,,bandit-posnegfeedback,consented,,,,,,,,,,,,,,,,,,,urn-posneg,,,consented,Spreadsheet1,,,BEGIN TASK,,,,,,,,,,0,1,0,,,,,,
2,1670772928115,11/12/2022 15:35:28,1670772928782,0,11/12/2022 15:35:28,96489,6,task-vd7p,,25860383,5ffa0b24faf88d3956789842,7647685,,complete,,6395f8b102421302920c6793,computer,Desktop or Laptop,Windows 10,Edge 107.0.1418.62,1536x864,1707x837,urn-posneg,consent-form-data-task,2,Team Bandit,,,bandit-posnegfeedback,consented,,,,,,,,,,,,,,,,,,,urn-posneg,,,consented,Spreadsheet1,Spreadsheet1,1,1,1,Screen 1,continueButton,continue_button,1438.9000000953674,,,,,0,1,0,,,,,,form
3,1670772928215,11/12/2022 15:35:28,1670772928785,0,11/12/2022 15:35:28,96489,6,task-vd7p,,25860383,5ffa0b24faf88d3956789842,7647685,,complete,,6395f8b102421302920c6793,computer,Desktop or Laptop,Windows 10,Edge 107.0.1418.62,1536x864,1707x837,urn-posneg,consent-form-data-task,2,Team Bandit,,,bandit-posnegfeedback,consented,,,,,,,,,,,,,,,,,,,urn-posneg,,,consented,Spreadsheet1,,,END TASK,,,,,1493,,,,,0,1,0,,,,,,
1,1670772934148,11/12/2022 15:35:34,1670772933836,0,11/12/2022 15:35:33,96489,6,task-vd7p,,25860387,5ef3efcb420ab11a45a0b8a6,7647686,,complete,,6395f8bdde7b1f2bfa8bef68,computer,Desktop or Laptop,Windows 10,Edge 108.0.1462.46,1536x864,1536x754,urn-eyes,consent-form-data-task,2,Team Bandit,,,bandit-eyes,consented,,,,,,,,,,,,,,,,,urn-eyes,,,,,consented,Spreadsheet1,,,BEGIN TASK,,,,,,,,,,0,1,0,,,,,,
2,1670772935036,11/12/2022 15:35:35,1670772934789,0,11/12/2022 15:35:34,96489,6,task-vd7p,,25860387,5ef3efcb420ab11a45a0b8a6,7647686,,complete,,6395f8bdde7b1f2bfa8bef68,computer,Desktop or Laptop,Windows 10,Edge 108.0.1462.46,1536x864,1519x754,urn-eyes,consent-form-data-task,2,Team Bandit,,,bandit-eyes,consented,,,,,,,,,,,,,,,,,urn-eyes,,,,,consented,Spreadsheet1,Spreadsheet1,1,1,1,Screen 1,continueButton,continue_button,906.8999999994412,,,,,0,1,0,,,,,,form
3,1670772935098,11/12/2022 15:35:35,1670772934792,0,11/12/2022 15:35:34,96489,6,task-vd7p,,25860387,5ef3efcb420ab11a45a0b8a6,7647686,,complete,,6395f8bdde7b1f2bfa8bef68,computer,Desktop or Laptop,Windows 10,Edge 108.0.1462.46,1536x864,1519x754,urn-eyes,consent-form-data-task,2,Team Bandit,,,bandit-eyes,consented,,,,,,,,,,,,,,,,,urn-eyes,,,,,consented,Spreadsheet1,,,END TASK,,,,,956,,,,,0,1,0,,,,,,
1,1670772979671,11/12/2022 15:36:19,1670772982879,0,11/12/2022 15:36:22,96489,6,task-vd7p,,25860408,5f5e33a37fa7566accb4e6ac,7647689,,complete,,6395f8d8d31b204937141c4d,computer,Desktop or Laptop,Mac OS 10.10.5,Chrome 87.0.4280.141,1440x900,1440x820,rdk-progress,consent-form-data-task,2,Team RDK,,rdk-progressbar,,consented,,,,,,,,,rdk-progress,,,,,,,,,,,,,consented,Spreadsheet1,,,BEGIN TASK,,,,,,,,,,0,1,0,,,,,,
2,1670772982382,11/12/2022 15:36:22,1670772985659,0,11/12/2022 15:36:25,96489,6,task-vd7p,,25860408,5f5e33a37fa7566accb4e6ac,7647689,,complete,,6395f8d8d31b204937141c4d,computer,Desktop or Laptop,Mac OS 10.10.5,Chrome 87.0.4280.141,1440x900,1440x820,rdk-progress,consent-form-data-task,2,Team RDK,,rdk-progressbar,,consented,,,,,,,,,rdk-progress,,,,,,,,,,,,,consented,Spreadsheet1,Spreadsheet1,1,1,1,Screen 1,continueButton,continue_button,2735.8900000035646,,,,,0,1,0,,,,,,form
3,1670772982440,11/12/2022 15:36:22,1670772985662,0,11/12/2022 15:36:25,96489,6,task-vd7p,,25860408,5f5e33a37fa7566accb4e6ac,7647689,,complete,,6395f8d8d31b204937141c4d,computer,Desktop or Laptop,Mac OS 10.10.5,Chrome 87.0.4280.141,1440x900,1440x820,rdk-progress,consent-form-data-task,2,Team RDK,,rdk-progressbar,,consented,,,,,,,,,rdk-progress,,,,,,,,,,,,,consented,Spreadsheet1,,,END TASK,,,,,2784,,,,,0,1,0,,,,,,
1,1670773007522,11/12/2022 15:36:47,1670773006727,0,11/12/2022 15:36:46,96489,6,task-vd7p,,25860419,5fe8fc84e44df481db23e5b2,7647693,,complete,,6395f901a15fc13cfaca70cd,computer,Desktop or Laptop,Windows 10,Edge 107.0.1418.62,1280x720,1280x569,str-vanilla,consent-form-data-task,2,Team Stroop,stroop-vanilla,,,consented,str-vanilla,,,,,,,,,,,,,,,,,,,,,consented,Spreadsheet1,,,BEGIN TASK,,,,,,,,,,0,1,0,,,,,,
2,1670773012292,11/12/2022 15:36:52,1670773011535,0,11/12/2022 15:36:51,96489,6,task-vd7p,,25860419,5fe8fc84e44df481db23e5b2,7647693,,complete,,6395f901a15fc13cfaca70cd,computer,Desktop or Laptop,Windows 10,Edge 107.0.1418.62,1280x720,1280x569,str-vanilla,consent-form-data-task,2,Team Stroop,stroop-vanilla,,,consented,str-vanilla,,,,,,,,,,,,,,,,,,,,,consented,Spreadsheet1,Spreadsheet1,1,1,1,Screen 1,continueButton,continue_button,4767.599999904633,,,,,0,1,0,,,,,,form
3,1670773012383,11/12/2022 15:36:52,1670773011538,0,11/12/2022 15:36:51,96489,6,task-vd7p,,25860419,5fe8fc84e44df481db23e5b2,7647693,,complete,,6395f901a15fc13cfaca70cd,computer,Desktop or Laptop,Windows 10,Edge 107.0.1418.62,1280x720,1280x569,str-vanilla,consent-form-data-task,2,Team Stroop,stroop-vanilla,,,consented,str-vanilla,,,,,,,,,,,,,,,,,,,,,consented,Spreadsheet1,,,END TASK,,,,,4811,,,,,0,1,0,,,,,,
1,1670773014474,11/12/2022 15:36:54,1670773014394,0,11/12/2022 15:36:54,96489,6,task-vd7p,,25860423,5ec439fc21dd591193d88d35,7647692,,complete,,6395f8fc79018e3542d33a11,computer,Desktop or Laptop,Mac OS 10.15.7,Chrome 107.0.0.0,1440x900,1329x694,rdk-bonus,consent-form-data-task,2,Team RDK,,rdk-bonus,,consented,,,,,,,,,,,,,,rdk-bonus,,,,,,,,consented,Spreadsheet1,,,BEGIN TASK,,,,,,,,,,0,1,0,,,,,,
2,1670773016751,11/12/2022 15:36:56,1670773016705,0,11/12/2022 15:36:56,96489,6,task-vd7p,,25860423,5ec439fc21dd591193d88d35,7647692,,complete,,6395f8fc79018e3542d33a11,computer,Desktop or Laptop,Mac OS 10.15.7,Chrome 107.0.0.0,1440x900,1329x694,rdk-bonus,consent-form-data-task,2,Team RDK,,rdk-bonus,,consented,,,,,,,,,,,,,,rdk-bonus,,,,,,,,consented,Spreadsheet1,Spreadsheet1,1,1,1,Screen 1,continueButton,continue_button,2272.5999999046326,,,,,0,1,0,,,,,,form
3,1670773016813,11/12/2022 15:36:56,1670773016708,0,11/12/2022 15:36:56,96489,6,task-vd7p,,25860423,5ec439fc21dd591193d88d35,7647692,,complete,,6395f8fc79018e3542d33a11,computer,Desktop or Laptop,Mac OS 10.15.7,Chrome 107.0.0.0,1440x900,1329x694,rdk-bonus,consent-form-data-task,2,Team RDK,,rdk-bonus,,consented,,,,,,,,,,,,,,rdk-bonus,,,,,,,,consented,Spreadsheet1,,,END TASK,,,,,2314,,,,,0,1,0,,,,,,
1,1670773032529,11/12/2022 15:37:12,1670773032362,0,11/12/2022 15:37:12,96489,6,task-vd7p,,25860430,5b06aae14aa6e900018a7421,7647694,,complete,,6395f9163a95a9666e01fc81,computer,Desktop or Laptop,Mac OS 10.15.7,Safari 15.6,1440x900,1440x711,urn-posneg,consent-form-data-task,2,Team Bandit,,,bandit-posnegfeedback,consented,,,,,,,,,,,,,,,,,,,urn-posneg,,,consented,Spreadsheet1,,,BEGIN TASK,,,,,,,,,,0,1,0,,,,,,
2,1670773033921,11/12/2022 15:37:13,1670773033827,0,11/12/2022 15:37:13,96489,6,task-vd7p,,25860430,5b06aae14aa6e900018a7421,7647694,,complete,,6395f9163a95a9666e01fc81,computer,Desktop or Laptop,Mac OS 10.15.7,Safari 15.6,1440x900,1440x711,urn-posneg,consent-form-data-task,2,Team Bandit,,,bandit-posnegfeedback,consented,,,,,,,,,,,,,,,,,,,urn-posneg,,,consented,Spreadsheet1,Spreadsheet1,1,1,1,Screen 1,continueButton,continue_button,1421.0000000000002,,,,,0,1,0,,,,,,form
3,1670773033993,11/12/2022 15:37:13,1670773033833,0,11/12/2022 15:37:13,96489,6,task-vd7p,,25860430,5b06aae14aa6e900018a7421,7647694,,complete,,6395f9163a95a9666e01fc81,computer,Desktop or Laptop,Mac OS 10.15.7,Safari 15.6,1440x900,1440x711,urn-posneg,consent-form-data-task,2,Team Bandit,,,bandit-posnegfeedback,consented,,,,,,,,,,,,,,,,,,,urn-posneg,,,consented,Spreadsheet1,,,END TASK,,,,,1471,,,,,0,1,0,,,,,,
1,1670773066443,11/12/2022 15:37:46,1670773060352,0,11/12/2022 15:37:40,96489,6,task-vd7p,,25860442,5af7027fc13ab20001737328,7647696,,complete,,6395f90b647267e2cb2f18bc,computer,Desktop or Laptop,Windows 10,Chrome 108.0.0.0,1536x864,1536x754,str-eyes,consent-form-data-task,2,Team Stroop,stroop-eyes,,,consented,,,str-eyes,,,,,,,,,,,,,,,,,,,consented,Spreadsheet1,,,BEGIN TASK,,,,,,,,,,0,1,0,,,,,,
2,1670773069093,11/12/2022 15:37:49,1670773062881,0,11/12/2022 15:37:42,96489,6,task-vd7p,,25860442,5af7027fc13ab20001737328,7647696,,complete,,6395f90b647267e2cb2f18bc,computer,Desktop or Laptop,Windows 10,Chrome 108.0.0.0,1536x864,1519x754,str-eyes,consent-form-data-task,2,Team Stroop,stroop-eyes,,,consented,,,str-eyes,,,,,,,,,,,,,,,,,,,consented,Spreadsheet1,Spreadsheet1,1,1,1,Screen 1,continueButton,continue_button,2378.600000023842,,,,,0,1,0,,,,,,form
3,1670773069162,11/12/2022 15:37:49,1670773062886,0,11/12/2022 15:37:42,96489,6,task-vd7p,,25860442,5af7027fc13ab20001737328,7647696,,complete,,6395f90b647267e2cb2f18bc,computer,Desktop or Laptop,Windows 10,Chrome 108.0.0.0,1536x864,1519x754,str-eyes,consent-form-data-task,2,Team Stroop,stroop-eyes,,,consented,,,str-eyes,,,,,,,,,,,,,,,,,,,consented,Spreadsheet1,,,END TASK,,,,,2534,,,,,0,1,0,,,,,,
1,1670773144577,11/12/2022 15:39:04,1670773144669,0,11/12/2022 15:39:04,96489,6,task-vd7p,,25860464,60fc06c83eede1b960123e4a,7647701,,complete,,6395f96f25a6ee22cfd43a47,computer,Desktop or Laptop,Windows 10,Chrome 108.0.0.0,1536x864,1536x760,str-progress,consent-form-data-task,2,Team Stroop,stroop-progressbar,,,consented,,str-progress,,,,,,,,,,,,,,,,,,,,consented,Spreadsheet1,,,BEGIN TASK,,,,,,,,,,0,1,0,,,,,,
2,1670773147319,11/12/2022 15:39:07,1670773147459,0,11/12/2022 15:39:07,96489,6,task-vd7p,,25860464,60fc06c83eede1b960123e4a,7647701,,complete,,6395f96f25a6ee22cfd43a47,computer,Desktop or Laptop,Windows 10,Chrome 108.0.0.0,1536x864,1536x760,str-progress,consent-form-data-task,2,Team Stroop,stroop-progressbar,,,consented,,str-progress,,,,,,,,,,,,,,,,,,,,consented,Spreadsheet1,Spreadsheet1,1,1,1,Screen 1,continueButton,continue_button,2674.5999999996275,,,,,0,1,0,,,,,,form
3,1670773147383,11/12/2022 15:39:07,1670773147464,0,11/12/2022 15:39:07,96489,6,task-vd7p,,25860464,60fc06c83eede1b960123e4a,7647701,,complete,,6395f96f25a6ee22cfd43a47,computer,Desktop or Laptop,Windows 10,Chrome 108.0.0.0,1536x864,1536x760,str-progress,consent-form-data-task,2,Team Stroop,stroop-progressbar,,,consented,,str-progress,,,,,,,,,,,,,,,,,,,,consented,Spreadsheet1,,,END TASK,,,,,2795,,,,,0,1,0,,,,,,
1,1670773170236,11/12/2022 15:39:30,1670773170147,0,11/12/2022 15:39:30,96489,6,task-vd7p,,25860474,600ffd5dc1152022c18f4093,7647703,,complete,,6395f99ea5ad0fc36e592c73,computer,Desktop or Laptop,Windows 10,Chrome 108.0.0.0,1280x720,1266x589,rdk-finalfeed,consent-form-data-task,2,Team RDK,,rdk-finalfeedback,,consented,,,,,,,,,,,,,rdk-finalfeed,,,,,,,,,consented,Spreadsheet1,,,BEGIN TASK,,,,,,,,,,0,1,0,,,,,,
2,1670773171275,11/12/2022 15:39:31,1670773171235,0,11/12/2022 15:39:31,96489,6,task-vd7p,,25860474,600ffd5dc1152022c18f4093,7647703,,complete,,6395f99ea5ad0fc36e592c73,computer,Desktop or Laptop,Windows 10,Chrome 108.0.0.0,1280x720,1266x589,rdk-finalfeed,consent-form-data-task,2,Team RDK,,rdk-finalfeedback,,consented,,,,,,,,,,,,,rdk-finalfeed,,,,,,,,,consented,Spreadsheet1,Spreadsheet1,1,1,1,Screen 1,continueButton,continue_button,1036.7999999998137,,,,,0,1,0,,,,,,form
3,1670773171357,11/12/2022 15:39:31,1670773171238,0,11/12/2022 15:39:31,96489,6,task-vd7p,,25860474,600ffd5dc1152022c18f4093,7647703,,complete,,6395f99ea5ad0fc36e592c73,computer,Desktop or Laptop,Windows 10,Chrome 108.0.0.0,1280x720,1266x589,rdk-finalfeed,consent-form-data-task,2,Team RDK,,rdk-finalfeedback,,consented,,,,,,,,,,,,,rdk-finalfeed,,,,,,,,,consented,Spreadsheet1,,,END TASK,,,,,1091,,,,,0,1,0,,,,,,
1,1670773238918,11/12/2022 15:40:38,1670773236513,0,11/12/2022 15:40:36,96489,6,task-vd7p,,25860501,6054986d528d69b89f04aacd,7647710,,complete,,6395f9e0d31b204937141c6b,computer,Desktop or Laptop,Windows 10,Edge 108.0.1462.46,2560x1440,2560x1297,rdk-vanilla,consent-form-data-task,2,Team RDK,,rdk-vanilla,,consented,,,,,,,,rdk-vanilla,,,,,,,,,,,,,,consented,Spreadsheet1,,,BEGIN TASK,,,,,,,,,,0,1,0,,,,,,
2,1670773241353,11/12/2022 15:40:41,1670773238991,0,11/12/2022 15:40:38,96489,6,task-vd7p,,25860501,6054986d528d69b89f04aacd,7647710,,complete,,6395f9e0d31b204937141c6b,computer,Desktop or Laptop,Windows 10,Edge 108.0.1462.46,2560x1440,2560x1297,rdk-vanilla,consent-form-data-task,2,Team RDK,,rdk-vanilla,,consented,,,,,,,,rdk-vanilla,,,,,,,,,,,,,,consented,Spreadsheet1,Spreadsheet1,1,1,1,Screen 1,continueButton,continue_button,2461.5,,,,,0,1,0,,,,,,form
3,1670773241433,11/12/2022 15:40:41,1670773238994,0,11/12/2022 15:40:38,96489,6,task-vd7p,,25860501,6054986d528d69b89f04aacd,7647710,,complete,,6395f9e0d31b204937141c6b,computer,Desktop or Laptop,Windows 10,Edge 108.0.1462.46,2560x1440,2560x1297,rdk-vanilla,consent-form-data-task,2,Team RDK,,rdk-vanilla,,consented,,,,,,,,rdk-vanilla,,,,,,,,,,,,,,consented,Spreadsheet1,,,END TASK,,,,,2481,,,,,0,1,0,,,,,,
1,1670773264542,11/12/2022 15:41:04,1670773265564,0,11/12/2022 15:41:05,96489,6,task-vd7p,,25860514,631f2e1c4ea62c7851ba9e62,7647713,,complete,,6395f9f821a98cd0c6414bb9,computer,Desktop or Laptop,Windows 10,Chrome 108.0.0.0,1920x1080,1920x947,urn-vanilla,consent-form-data-task,2,Team Bandit,,,bandit-vanilla,consented,,,,,,,,,,,,,,,urn-vanilla,,,,,,,consented,Spreadsheet1,,,BEGIN TASK,,,,,,,,,,0,1,0,,,,,,
2,1670773265974,11/12/2022 15:41:05,1670773267025,0,11/12/2022 15:41:07,96489,6,task-vd7p,,25860514,631f2e1c4ea62c7851ba9e62,7647713,,complete,,6395f9f821a98cd0c6414bb9,computer,Desktop or Laptop,Windows 10,Chrome 108.0.0.0,1920x1080,1920x947,urn-vanilla,consent-form-data-task,2,Team Bandit,,,bandit-vanilla,consented,,,,,,,,,,,,,,,urn-vanilla,,,,,,,consented,Spreadsheet1,Spreadsheet1,1,1,1,Screen 1,continueButton,continue_button,1436,,,,,0,1,0,,,,,,form
3,1670773266031,11/12/2022 15:41:06,1670773267028,0,11/12/2022 15:41:07,96489,6,task-vd7p,,25860514,631f2e1c4ea62c7851ba9e62,7647713,,complete,,6395f9f821a98cd0c6414bb9,computer,Desktop or Laptop,Windows 10,Chrome 108.0.0.0,1920x1080,1920x947,urn-vanilla,consent-form-data-task,2,Team Bandit,,,bandit-vanilla,consented,,,,,,,,,,,,,,,urn-vanilla,,,,,,,consented,Spreadsheet1,,,END TASK,,,,,1464,,,,,0,1,0,,,,,,
1,1670773297791,11/12/2022 15:41:37,1670773297630,0,11/12/2022 15:41:37,96489,6,task-vd7p,,25860532,5e9ae71413028a1784022f8e,7647695,,complete,,6395f91f389ed946f1592c57,computer,Desktop or Laptop,Mac OS 10.15.7,Safari 15.3,1440x900,1440x820,rdk-vanilla,consent-form-data-task,2,Team RDK,,rdk-vanilla,,consented,,,,,,,,rdk-vanilla,,,,,,,,,,,,,,consented,Spreadsheet1,,,BEGIN TASK,,,,,,,,,,0,1,0,,,,,,
2,1670773304693,11/12/2022 15:41:44,1670773304565,0,11/12/2022 15:41:44,96489,6,task-vd7p,,25860532,5e9ae71413028a1784022f8e,7647695,,complete,,6395f91f389ed946f1592c57,computer,Desktop or Laptop,Mac OS 10.15.7,Safari 15.3,1440x900,1440x820,rdk-vanilla,consent-form-data-task,2,Team RDK,,rdk-vanilla,,consented,,,,,,,,rdk-vanilla,,,,,,,,,,,,,,consented,Spreadsheet1,Spreadsheet1,1,1,1,Screen 1,continueButton,continue_button,6898,,,,,0,1,0,,,,,,form
3,1670773304761,11/12/2022 15:41:44,1670773304568,0,11/12/2022 15:41:44,96489,6,task-vd7p,,25860532,5e9ae71413028a1784022f8e,7647695,,complete,,6395f91f389ed946f1592c57,computer,Desktop or Laptop,Mac OS 10.15.7,Safari 15.3,1440x900,1440x820,rdk-vanilla,consent-form-data-task,2,Team RDK,,rdk-vanilla,,consented,,,,,,,,rdk-vanilla,,,,,,,,,,,,,,consented,Spreadsheet1,,,END TASK,,,,,6938,,,,,0,1,0,,,,,,
1,1670773309973,11/12/2022 15:41:49,1670773310038,0,11/12/2022 15:41:50,96489,6,task-vd7p,,25860538,62e3c6ed4917b3c0c816ccf0,7647715,,complete,,6395fa2da15fc13cfaca70e8,computer,Desktop or Laptop,Windows 10,Chrome 108.0.0.0,1440x960,1440x841,urn-video,consent-form-data-task,2,Team Bandit,,,bandit-video,consented,,,,,,,,,,,,,,,,,,urn-video,,,,consented,Spreadsheet1,,,BEGIN TASK,,,,,,,,,,0,1,0,,,,,,
2,1670773325634,11/12/2022 15:42:05,1670773325717,0,11/12/2022 15:42:05,96489,6,task-vd7p,,25860538,62e3c6ed4917b3c0c816ccf0,7647715,,complete,,6395fa2da15fc13cfaca70e8,computer,Desktop or Laptop,Windows 10,Chrome 108.0.0.0,1440x960,1440x841,urn-video,consent-form-data-task,2,Team Bandit,,,bandit-video,consented,,,,,,,,,,,,,,,,,,urn-video,,,,consented,Spreadsheet1,Spreadsheet1,1,1,1,Screen 1,continueButton,continue_button,15649.700000047684,,,,,0,1,0,,,,,,form
3,1670773325681,11/12/2022 15:42:05,1670773325722,0,11/12/2022 15:42:05,96489,6,task-vd7p,,25860538,62e3c6ed4917b3c0c816ccf0,7647715,,complete,,6395fa2da15fc13cfaca70e8,computer,Desktop or Laptop,Windows 10,Chrome 108.0.0.0,1440x960,1440x841,urn-video,consent-form-data-task,2,Team Bandit,,,bandit-video,consented,,,,,,,,,,,,,,,,,,urn-video,,,,consented,Spreadsheet1,,,END TASK,,,,,15684,,,,,0,1,0,,,,,,
1,1670773346025,11/12/2022 15:42:26,1670773345622,0,11/12/2022 15:42:25,96489,6,task-vd7p,,25860550,5de8e0ac9ba3e8000a970881,7647718,,complete,,6395fa48beb4a3fbf2354f13,computer,Desktop or Laptop,Mac OS 10.15.7,Safari 16.1,1440x900,1440x714,urn-bonus,consent-form-data-task,2,Team Bandit,,,bandit-bonus,consented,,,,,,,,,,,,,,,,,,,,,urn-bonus,consented,Spreadsheet1,,,BEGIN TASK,,,,,,,,,,0,1,0,,,,,,
2,1670773349310,11/12/2022 15:42:29,1670773349171,0,11/12/2022 15:42:29,96489,6,task-vd7p,,25860550,5de8e0ac9ba3e8000a970881,7647718,,complete,,6395fa48beb4a3fbf2354f13,computer,Desktop or Laptop,Mac OS 10.15.7,Safari 16.1,1440x900,1440x714,urn-bonus,consent-form-data-task,2,Team Bandit,,,bandit-bonus,consented,,,,,,,,,,,,,,,,,,,,,urn-bonus,consented,Spreadsheet1,Spreadsheet1,1,1,1,Screen 1,continueButton,continue_button,3512,,,,,0,1,0,,,,,,form
3,1670773349665,11/12/2022 15:42:29,1670773349174,0,11/12/2022 15:42:29,96489,6,task-vd7p,,25860550,5de8e0ac9ba3e8000a970881,7647718,,complete,,6395fa48beb4a3fbf2354f13,computer,Desktop or Laptop,Mac OS 10.15.7,Safari 16.1,1440x900,1440x714,urn-bonus,consent-form-data-task,2,Team Bandit,,,bandit-bonus,consented,,,,,,,,,,,,,,,,,,,,,urn-bonus,consented,Spreadsheet1,,,END TASK,,,,,3552,,,,,0,1,0,,,,,,
1,1670773348847,11/12/2022 15:42:28,1670773357599,0,11/12/2022 15:42:37,96489,6,task-vd7p,,25860554,6303dc7b9ea8978d975282e2,7647717,,complete,,6395f9c71e219d8fbb141c6a,computer,Desktop or Laptop,Windows 10,Chrome 105.0.0.0,1280x720,1237x569,rdk-eyes,consent-form-data-task,2,Team RDK,,rdk-eyes,,consented,,,,,,,,,,rdk-eyes,,,,,,,,,,,,consented,Spreadsheet1,,,BEGIN TASK,,,,,,,,,,0,1,0,,,,,,
2,1670773356593,11/12/2022 15:42:36,1670773365337,0,11/12/2022 15:42:45,96489,6,task-vd7p,,25860554,6303dc7b9ea8978d975282e2,7647717,,complete,,6395f9c71e219d8fbb141c6a,computer,Desktop or Laptop,Windows 10,Chrome 105.0.0.0,1280x720,1237x569,rdk-eyes,consent-form-data-task,2,Team RDK,,rdk-eyes,,consented,,,,,,,,,,rdk-eyes,,,,,,,,,,,,consented,Spreadsheet1,Spreadsheet1,1,1,1,Screen 1,continueButton,continue_button,7660.300000190735,,,,,0,1,0,,,,,,form
3,1670773356711,11/12/2022 15:42:36,1670773365344,0,11/12/2022 15:42:45,96489,6,task-vd7p,,25860554,6303dc7b9ea8978d975282e2,7647717,,complete,,6395f9c71e219d8fbb141c6a,computer,Desktop or Laptop,Windows 10,Chrome 105.0.0.0,1280x720,1237x569,rdk-eyes,consent-form-data-task,2,Team RDK,,rdk-eyes,,consented,,,,,,,,,,rdk-eyes,,,,,,,,,,,,consented,Spreadsheet1,,,END TASK,,,,,7746,,,,,0,1,0,,,,,,
1,1670773368998,11/12/2022 15:42:48,1670773368850,0,11/12/2022 15:42:48,96489,6,task-vd7p,,25860568,5c778c52419b560001020625,7647723,,complete,,6395fa5b464dc64d825673e4,computer,Desktop or Laptop,Windows 10,Chrome 108.0.0.0,1366x768,1366x568,rdk-bonus,consent-form-data-task,2,Team RDK,,rdk-bonus,,consented,,,,,,,,,,,,,,rdk-bonus,,,,,,,,consented,Spreadsheet1,,,BEGIN TASK,,,,,,,,,,0,1,0,,,,,,
2,1670773372470,11/12/2022 15:42:52,1670773372294,0,11/12/2022 15:42:52,96489,6,task-vd7p,,25860568,5c778c52419b560001020625,7647723,,complete,,6395fa5b464dc64d825673e4,computer,Desktop or Laptop,Windows 10,Chrome 108.0.0.0,1366x768,1366x568,rdk-bonus,consent-form-data-task,2,Team RDK,,rdk-bonus,,consented,,,,,,,,,,,,,,rdk-bonus,,,,,,,,consented,Spreadsheet1,Spreadsheet1,1,1,1,Screen 1,continueButton,continue_button,3163.2999999523163,,,,,0,1,0,,,,,,form
3,1670773372555,11/12/2022 15:42:52,1670773372306,0,11/12/2022 15:42:52,96489,6,task-vd7p,,25860568,5c778c52419b560001020625,7647723,,complete,,6395fa5b464dc64d825673e4,computer,Desktop or Laptop,Windows 10,Chrome 108.0.0.0,1366x768,1366x568,rdk-bonus,consent-form-data-task,2,Team RDK,,rdk-bonus,,consented,,,,,,,,,,,,,,rdk-bonus,,,,,,,,consented,Spreadsheet1,,,END TASK,,,,,3456,,,,,0,1,0,,,,,,
1,1670773370195,11/12/2022 15:42:50,1670773370399,0,11/12/2022 15:42:50,96489,6,task-vd7p,,25860572,5a7cd4f00f1bce000121dcf3,7647722,,complete,,6395fa3da15fc13cfaca70e9,computer,Desktop or Laptop,Windows 10,Chrome 108.0.0.0,1139x640,1139x537,str-vanilla,consent-form-data-task,2,Team Stroop,stroop-vanilla,,,consented,str-vanilla,,,,,,,,,,,,,,,,,,,,,consented,Spreadsheet1,,,BEGIN TASK,,,,,,,,,,0,1,0,,,,,,
2,1670773376806,11/12/2022 15:42:56,1670773377059,0,11/12/2022 15:42:57,96489,6,task-vd7p,,25860572,5a7cd4f00f1bce000121dcf3,7647722,,complete,,6395fa3da15fc13cfaca70e9,computer,Desktop or Laptop,Windows 10,Chrome 108.0.0.0,1139x640,1139x537,str-vanilla,consent-form-data-task,2,Team Stroop,stroop-vanilla,,,consented,str-vanilla,,,,,,,,,,,,,,,,,,,,,consented,Spreadsheet1,Spreadsheet1,1,1,1,Screen 1,continueButton,continue_button,6558.699999988079,,,,,0,1,0,,,,,,form
3,1670773376879,11/12/2022 15:42:56,1670773377063,0,11/12/2022 15:42:57,96489,6,task-vd7p,,25860572,5a7cd4f00f1bce000121dcf3,7647722,,complete,,6395fa3da15fc13cfaca70e9,computer,Desktop or Laptop,Windows 10,Chrome 108.0.0.0,1139x640,1139x537,str-vanilla,consent-form-data-task,2,Team Stroop,stroop-vanilla,,,consented,str-vanilla,,,,,,,,,,,,,,,,,,,,,consented,Spreadsheet1,,,END TASK,,,,,6664,,,,,0,1,0,,,,,,
1,1670773371627,11/12/2022 15:42:51,1670773371443,0,11/12/2022 15:42:51,96489,6,task-vd7p,,25860573,5ef8516a9d934259da0b99db,7647724,,complete,,6395fa699bfcf028b68cdd17,computer,Desktop or Laptop,Windows 10,Edge 108.0.1462.46,1366x768,1366x657,rdk-progress,consent-form-data-task,2,Team RDK,,rdk-progressbar,,consented,,,,,,,,,rdk-progress,,,,,,,,,,,,,consented,Spreadsheet1,,,BEGIN TASK,,,,,,,,,,0,1,0,,,,,,
2,1670773373602,11/12/2022 15:42:53,1670773373460,0,11/12/2022 15:42:53,96489,6,task-vd7p,,25860573,5ef8516a9d934259da0b99db,7647724,,complete,,6395fa699bfcf028b68cdd17,computer,Desktop or Laptop,Windows 10,Edge 108.0.1462.46,1366x768,1366x657,rdk-progress,consent-form-data-task,2,Team RDK,,rdk-progressbar,,consented,,,,,,,,,rdk-progress,,,,,,,,,,,,,consented,Spreadsheet1,Spreadsheet1,1,1,1,Screen 1,continueButton,continue_button,1936.2000002861023,,,,,0,1,0,,,,,,form
3,1670773373655,11/12/2022 15:42:53,1670773373465,0,11/12/2022 15:42:53,96489,6,task-vd7p,,25860573,5ef8516a9d934259da0b99db,7647724,,complete,,6395fa699bfcf028b68cdd17,computer,Desktop or Laptop,Windows 10,Edge 108.0.1462.46,1366x768,1366x657,rdk-progress,consent-form-data-task,2,Team RDK,,rdk-progressbar,,consented,,,,,,,,,rdk-progress,,,,,,,,,,,,,consented,Spreadsheet1,,,END TASK,,,,,2022,,,,,0,1,0,,,,,,
1,1670773441689,11/12/2022 15:44:01,1670773441753,0,11/12/2022 15:44:01,96489,6,task-vd7p,,25860607,61699e45a1a936cf905b4627,7647728,,complete,,6395fa6a2d326cb947b16c05,computer,Desktop or Laptop,Windows 10,Chrome 108.0.0.0,1536x864,1536x722,urn-eyes,consent-form-data-task,2,Team Bandit,,,bandit-eyes,consented,,,,,,,,,,,,,,,,,urn-eyes,,,,,consented,Spreadsheet1,,,BEGIN TASK,,,,,,,,,,0,1,0,,,,,,
2,1670773445676,11/12/2022 15:44:05,1670773445770,0,11/12/2022 15:44:05,96489,6,task-vd7p,,25860607,61699e45a1a936cf905b4627,7647728,,complete,,6395fa6a2d326cb947b16c05,computer,Desktop or Laptop,Windows 10,Chrome 108.0.0.0,1536x864,1519x722,urn-eyes,consent-form-data-task,2,Team Bandit,,,bandit-eyes,consented,,,,,,,,,,,,,,,,,urn-eyes,,,,,consented,Spreadsheet1,Spreadsheet1,1,1,1,Screen 1,continueButton,continue_button,3971.300000011921,,,,,0,1,0,,,,,,form
3,1670773445771,11/12/2022 15:44:05,1670773445773,0,11/12/2022 15:44:05,96489,6,task-vd7p,,25860607,61699e45a1a936cf905b4627,7647728,,complete,,6395fa6a2d326cb947b16c05,computer,Desktop or Laptop,Windows 10,Chrome 108.0.0.0,1536x864,1519x722,urn-eyes,consent-form-data-task,2,Team Bandit,,,bandit-eyes,consented,,,,,,,,,,,,,,,,,urn-eyes,,,,,consented,Spreadsheet1,,,END TASK,,,,,4020,,,,,0,1,0,,,,,,
1,1670773471061,11/12/2022 15:44:31,1670773471037,0,11/12/2022 15:44:31,96489,6,task-vd7p,,25860615,62b2d042ae6609abd802aa95,7647729,,complete,,6395fa99d31b204937141c81,computer,Desktop or Laptop,Windows 10,Firefox 107.0,1920x1080,1920x927,rdk-posneg,consent-form-data-task,2,Team RDK,,rdk-posnegfeedback,,consented,,,,,,,,,,,,rdk-posneg,,,,,,,,,,consented,Spreadsheet1,,,BEGIN TASK,,,,,,,,,,0,1,0,,,,,,
2,1670773492982,11/12/2022 15:44:52,1670773492984,0,11/12/2022 15:44:52,96489,6,task-vd7p,,25860615,62b2d042ae6609abd802aa95,7647729,,complete,,6395fa99d31b204937141c81,computer,Desktop or Laptop,Windows 10,Firefox 107.0,1920x1080,1920x927,rdk-posneg,consent-form-data-task,2,Team RDK,,rdk-posnegfeedback,,consented,,,,,,,,,,,,rdk-posneg,,,,,,,,,,consented,Spreadsheet1,Spreadsheet1,1,1,1,Screen 1,continueButton,continue_button,21920,,,,,0,1,0,,,,,,form
3,1670773493053,11/12/2022 15:44:53,1670773492994,0,11/12/2022 15:44:52,96489,6,task-vd7p,,25860615,62b2d042ae6609abd802aa95,7647729,,complete,,6395fa99d31b204937141c81,computer,Desktop or Laptop,Windows 10,Firefox 107.0,1920x1080,1920x927,rdk-posneg,consent-form-data-task,2,Team RDK,,rdk-posnegfeedback,,consented,,,,,,,,,,,,rdk-posneg,,,,,,,,,,consented,Spreadsheet1,,,END TASK,,,,,21957,,,,,0,1,0,,,,,,
1,1670773487329,11/12/2022 15:44:47,1670773487241,0,11/12/2022 15:44:47,96489,6,task-vd7p,,25860622,55146e64fdf99b253d5b1c5d,7647734,,complete,,6395fae1f8679a36678bef01,computer,Desktop or Laptop,Windows 10,Chrome 108.0.0.0,1536x864,1536x722,str-bonus,consent-form-data-task,2,Team Stroop,stroop-bonus,,,consented,,,,,,,str-bonus,,,,,,,,,,,,,,,consented,Spreadsheet1,,,BEGIN TASK,,,,,,,,,,0,1,0,,,,,,
2,1670773494791,11/12/2022 15:44:54,1670773494751,0,11/12/2022 15:44:54,96489,6,task-vd7p,,25860622,55146e64fdf99b253d5b1c5d,7647734,,complete,,6395fae1f8679a36678bef01,computer,Desktop or Laptop,Windows 10,Chrome 108.0.0.0,1536x864,1519x722,str-bonus,consent-form-data-task,2,Team Stroop,stroop-bonus,,,consented,,,,,,,str-bonus,,,,,,,,,,,,,,,consented,Spreadsheet1,Spreadsheet1,1,1,1,Screen 1,continueButton,continue_button,7452,,,,,0,1,0,,,,,,form
3,1670773494856,11/12/2022 15:44:54,1670773494757,0,11/12/2022 15:44:54,96489,6,task-vd7p,,25860622,55146e64fdf99b253d5b1c5d,7647734,,complete,,6395fae1f8679a36678bef01,computer,Desktop or Laptop,Windows 10,Chrome 108.0.0.0,1536x864,1519x722,str-bonus,consent-form-data-task,2,Team Stroop,stroop-bonus,,,consented,,,,,,,str-bonus,,,,,,,,,,,,,,,consented,Spreadsheet1,,,END TASK,,,,,7516,,,,,0,1,0,,,,,,
1,1670773561732,11/12/2022 15:46:01,1670773557473,0,11/12/2022 15:45:57,96489,6,task-vd7p,,25860646,59b555702a78fd00010b86d4,7647739,,complete,,6395fb31f951b9c9213f7b04,computer,Desktop or Laptop,Windows 10,Firefox 107.0,2560x1080,2552x941,urn-progress,consent-form-data-task,2,Team Bandit,,,bandit-progressbar,consented,,,,,,,,,,,,,,,,urn-progress,,,,,,consented,Spreadsheet1,,,BEGIN TASK,,,,,,,,,,0,1,0,,,,,,
2,1670773563068,11/12/2022 15:46:03,1670773558834,0,11/12/2022 15:45:58,96489,6,task-vd7p,,25860646,59b555702a78fd00010b86d4,7647739,,complete,,6395fb31f951b9c9213f7b04,computer,Desktop or Laptop,Windows 10,Firefox 107.0,2560x1080,2552x941,urn-progress,consent-form-data-task,2,Team Bandit,,,bandit-progressbar,consented,,,,,,,,,,,,,,,,urn-progress,,,,,,consented,Spreadsheet1,Spreadsheet1,1,1,1,Screen 1,continueButton,continue_button,1349,,,,,0,1,0,,,,,,form
3,1670773563152,11/12/2022 15:46:03,1670773558840,0,11/12/2022 15:45:58,96489,6,task-vd7p,,25860646,59b555702a78fd00010b86d4,7647739,,complete,,6395fb31f951b9c9213f7b04,computer,Desktop or Laptop,Windows 10,Firefox 107.0,2560x1080,2552x941,urn-progress,consent-form-data-task,2,Team Bandit,,,bandit-progressbar,consented,,,,,,,,,,,,,,,,urn-progress,,,,,,consented,Spreadsheet1,,,END TASK,,,,,1367,,,,,0,1,0,,,,,,
1,1670773578162,11/12/2022 15:46:18,1670773578027,0,11/12/2022 15:46:18,96489,6,task-vd7p,,25860653,5ea305678366db250adbaf7d,7647740,,complete,,6395faba2d6ecd02f26e147f,computer,Desktop or Laptop,Ubuntu undefined,Firefox 107.0,1280x1024,1226x912,urn-finalfeed,consent-form-data-task,2,Team Bandit,,,bandit-finalfeedback,consented,,,,,,,,,,,,,,,,,,,,urn-finalfeed,,consented,Spreadsheet1,,,BEGIN TASK,,,,,,,,,,0,1,0,,,,,,
2,1670773582297,11/12/2022 15:46:22,1670773582210,0,11/12/2022 15:46:22,96489,6,task-vd7p,,25860653,5ea305678366db250adbaf7d,7647740,,complete,,6395faba2d6ecd02f26e147f,computer,Desktop or Laptop,Ubuntu undefined,Firefox 107.0,1280x1024,1226x912,urn-finalfeed,consent-form-data-task,2,Team Bandit,,,bandit-finalfeedback,consented,,,,,,,,,,,,,,,,,,,,urn-finalfeed,,consented,Spreadsheet1,Spreadsheet1,1,1,1,Screen 1,continueButton,continue_button,4155,,,,,0,1,0,,,,,,form
3,1670773582365,11/12/2022 15:46:22,1670773582217,0,11/12/2022 15:46:22,96489,6,task-vd7p,,25860653,5ea305678366db250adbaf7d,7647740,,complete,,6395faba2d6ecd02f26e147f,computer,Desktop or Laptop,Ubuntu undefined,Firefox 107.0,1280x1024,1226x912,urn-finalfeed,consent-form-data-task,2,Team Bandit,,,bandit-finalfeedback,consented,,,,,,,,,,,,,,,,,,,,urn-finalfeed,,consented,Spreadsheet1,,,END TASK,,,,,4190,,,,,0,1,0,,,,,,
1,1670773598013,11/12/2022 15:46:38,1670773596797,0,11/12/2022 15:46:36,96489,6,task-vd7p,,25860661,6099773f09e28ae2baa101bb,7647741,,complete,,6395fb34f1f631f2f4592c0c,computer,Desktop or Laptop,Mac OS 10.15.7,Safari 15.6,1680x1050,1680x947,str-video,consent-form-data-task,2,Team Stroop,stroop-video,,,consented,,,,str-video,,,,,,,,,,,,,,,,,,consented,Spreadsheet1,,,BEGIN TASK,,,,,,,,,,0,1,0,,,,,,
2,1670773601027,11/12/2022 15:46:41,1670773599619,0,11/12/2022 15:46:39,96489,6,task-vd7p,,25860661,6099773f09e28ae2baa101bb,7647741,,complete,,6395fb34f1f631f2f4592c0c,computer,Desktop or Laptop,Mac OS 10.15.7,Safari 15.6,1680x1050,1680x947,str-video,consent-form-data-task,2,Team Stroop,stroop-video,,,consented,,,,str-video,,,,,,,,,,,,,,,,,,consented,Spreadsheet1,Spreadsheet1,1,1,1,Screen 1,continueButton,continue_button,2799,,,,,0,1,0,,,,,,form
3,1670773601411,11/12/2022 15:46:41,1670773599622,0,11/12/2022 15:46:39,96489,6,task-vd7p,,25860661,6099773f09e28ae2baa101bb,7647741,,complete,,6395fb34f1f631f2f4592c0c,computer,Desktop or Laptop,Mac OS 10.15.7,Safari 15.6,1680x1050,1680x947,str-video,consent-form-data-task,2,Team Stroop,stroop-video,,,consented,,,,str-video,,,,,,,,,,,,,,,,,,consented,Spreadsheet1,,,END TASK,,,,,2825,,,,,0,1,0,,,,,,
1,1670773599047,11/12/2022 15:46:39,1670773598937,0,11/12/2022 15:46:38,96489,6,task-vd7p,,25860662,5b76fad7e33f64000165b9f8,7647742,,complete,,6395fb4d07d486420f9e6c62,computer,Desktop or Laptop,Mac OS 10.15.7,Chrome 108.0.0.0,1440x900,1135x673,rdk-video,consent-form-data-task,2,Team RDK,,rdk-video,,consented,,,,,,,,,,,rdk-video,,,,,,,,,,,consented,Spreadsheet1,,,BEGIN TASK,,,,,,,,,,0,1,0,,,,,,
2,1670773605969,11/12/2022 15:46:45,1670773605897,0,11/12/2022 15:46:45,96489,6,task-vd7p,,25860662,5b76fad7e33f64000165b9f8,7647742,,complete,,6395fb4d07d486420f9e6c62,computer,Desktop or Laptop,Mac OS 10.15.7,Chrome 108.0.0.0,1440x900,1135x673,rdk-video,consent-form-data-task,2,Team RDK,,rdk-video,,consented,,,,,,,,,,,rdk-video,,,,,,,,,,,consented,Spreadsheet1,Spreadsheet1,1,1,1,Screen 1,continueButton,continue_button,6929.0999999940395,,,,,0,1,0,,,,,,form
3,1670773606040,11/12/2022 15:46:46,1670773605899,0,11/12/2022 15:46:45,96489,6,task-vd7p,,25860662,5b76fad7e33f64000165b9f8,7647742,,complete,,6395fb4d07d486420f9e6c62,computer,Desktop or Laptop,Mac OS 10.15.7,Chrome 108.0.0.0,1440x900,1135x673,rdk-video,consent-form-data-task,2,Team RDK,,rdk-video,,consented,,,,,,,,,,,rdk-video,,,,,,,,,,,consented,Spreadsheet1,,,END TASK,,,,,6962,,,,,0,1,0,,,,,,
1,1670773634865,11/12/2022 15:47:14,1670773634793,0,11/12/2022 15:47:14,96489,6,task-vd7p,,25860690,62d7e43b0650a2078b1feed7,7647753,,complete,,6395fb7a8e7f51973e354eae,computer,Desktop or Laptop,Mac OS 10.15.7,Chrome 107.0.0.0,2048x1152,2048x1073,str-bonus,consent-form-data-task,2,Team Stroop,stroop-bonus,,,consented,,,,,,,str-bonus,,,,,,,,,,,,,,,consented,Spreadsheet1,,,BEGIN TASK,,,,,,,,,,0,1,0,,,,,,
2,1670773636719,11/12/2022 15:47:16,1670773636690,0,11/12/2022 15:47:16,96489,6,task-vd7p,,25860690,62d7e43b0650a2078b1feed7,7647753,,complete,,6395fb7a8e7f51973e354eae,computer,Desktop or Laptop,Mac OS 10.15.7,Chrome 107.0.0.0,2048x1152,2048x1073,str-bonus,consent-form-data-task,2,Team Stroop,stroop-bonus,,,consented,,,,,,,str-bonus,,,,,,,,,,,,,,,consented,Spreadsheet1,Spreadsheet1,1,1,1,Screen 1,continueButton,continue_button,1875,,,,,0,1,0,,,,,,form
3,1670773636780,11/12/2022 15:47:16,1670773636694,0,11/12/2022 15:47:16,96489,6,task-vd7p,,25860690,62d7e43b0650a2078b1feed7,7647753,,complete,,6395fb7a8e7f51973e354eae,computer,Desktop or Laptop,Mac OS 10.15.7,Chrome 107.0.0.0,2048x1152,2048x1073,str-bonus,consent-form-data-task,2,Team Stroop,stroop-bonus,,,consented,,,,,,,str-bonus,,,,,,,,,,,,,,,consented,Spreadsheet1,,,END TASK,,,,,1901,,,,,0,1,0,,,,,,
1,1670773638108,11/12/2022 15:47:18,1670773638740,0,11/12/2022 15:47:18,96489,6,task-vd7p,,25860693,62c444eeb052baf0866a6d5e,7647751,,complete,,6395fab9223e6e62b82f18d7,computer,Desktop or Laptop,Windows 10,Chrome 107.0.0.0,1320x880,1320x729,rdk-video,consent-form-data-task,2,Team RDK,,rdk-video,,consented,,,,,,,,,,,rdk-video,,,,,,,,,,,consented,Spreadsheet1,,,BEGIN TASK,,,,,,,,,,0,1,0,,,,,,
2,1670773640190,11/12/2022 15:47:20,1670773640875,0,11/12/2022 15:47:20,96489,6,task-vd7p,,25860693,62c444eeb052baf0866a6d5e,7647751,,complete,,6395fab9223e6e62b82f18d7,computer,Desktop or Laptop,Windows 10,Chrome 107.0.0.0,1320x880,1320x729,rdk-video,consent-form-data-task,2,Team RDK,,rdk-video,,consented,,,,,,,,,,,rdk-video,,,,,,,,,,,consented,Spreadsheet1,Spreadsheet1,1,1,1,Screen 1,continueButton,continue_button,2066.600000143051,,,,,0,1,0,,,,,,form
3,1670773640254,11/12/2022 15:47:20,1670773640879,0,11/12/2022 15:47:20,96489,6,task-vd7p,,25860693,62c444eeb052baf0866a6d5e,7647751,,complete,,6395fab9223e6e62b82f18d7,computer,Desktop or Laptop,Windows 10,Chrome 107.0.0.0,1320x880,1320x729,rdk-video,consent-form-data-task,2,Team RDK,,rdk-video,,consented,,,,,,,,,,,rdk-video,,,,,,,,,,,consented,Spreadsheet1,,,END TASK,,,,,2139,,,,,0,1,0,,,,,,
1,1670773647799,11/12/2022 15:47:27,1670773647002,0,11/12/2022 15:47:27,96489,6,task-vd7p,,25860702,5da9d8ef79d2ea00160030b0,7647754,,complete,,6395fb6d2ab289caf93f7b0b,computer,Desktop or Laptop,Windows 10,Chrome 108.0.0.0,1366x768,1366x625,str-posneg,consent-form-data-task,2,Team Stroop,stroop-posnegfeedback,,,consented,,,,,str-posneg,,,,,,,,,,,,,,,,,consented,Spreadsheet1,,,BEGIN TASK,,,,,,,,,,0,1,0,,,,,,
2,1670773650042,11/12/2022 15:47:30,1670773649275,0,11/12/2022 15:47:29,96489,6,task-vd7p,,25860702,5da9d8ef79d2ea00160030b0,7647754,,complete,,6395fb6d2ab289caf93f7b0b,computer,Desktop or Laptop,Windows 10,Chrome 108.0.0.0,1366x768,1366x625,str-posneg,consent-form-data-task,2,Team Stroop,stroop-posnegfeedback,,,consented,,,,,str-posneg,,,,,,,,,,,,,,,,,consented,Spreadsheet1,Spreadsheet1,1,1,1,Screen 1,continueButton,continue_button,2190.1000003814697,,,,,0,1,0,,,,,,form
3,1670773650166,11/12/2022 15:47:30,1670773649279,0,11/12/2022 15:47:29,96489,6,task-vd7p,,25860702,5da9d8ef79d2ea00160030b0,7647754,,complete,,6395fb6d2ab289caf93f7b0b,computer,Desktop or Laptop,Windows 10,Chrome 108.0.0.0,1366x768,1366x625,str-posneg,consent-form-data-task,2,Team Stroop,stroop-posnegfeedback,,,consented,,,,,str-posneg,,,,,,,,,,,,,,,,,consented,Spreadsheet1,,,END TASK,,,,,2278,,,,,0,1,0,,,,,,
1,1670773672553,11/12/2022 15:47:52,1670773673131,0,11/12/2022 15:47:53,96489,6,task-vd7p,,25860721,62824c37f4cc437ab86e0ae6,7647757,,complete,,6395fb90e4352347848b96dd,computer,Desktop or Laptop,Windows 10,Chrome 108.0.0.0,1536x864,1536x754,urn-progress,consent-form-data-task,2,Team Bandit,,,bandit-progressbar,consented,,,,,,,,,,,,,,,,urn-progress,,,,,,consented,Spreadsheet1,,,BEGIN TASK,,,,,,,,,,0,1,0,,,,,,
2,1670773677759,11/12/2022 15:47:57,1670773678396,0,11/12/2022 15:47:58,96489,6,task-vd7p,,25860721,62824c37f4cc437ab86e0ae6,7647757,,complete,,6395fb90e4352347848b96dd,computer,Desktop or Laptop,Windows 10,Chrome 108.0.0.0,1536x864,1519x754,urn-progress,consent-form-data-task,2,Team Bandit,,,bandit-progressbar,consented,,,,,,,,,,,,,,,,urn-progress,,,,,,consented,Spreadsheet1,Spreadsheet1,1,1,1,Screen 1,continueButton,continue_button,5245,,,,,0,1,0,,,,,,form
3,1670773677823,11/12/2022 15:47:57,1670773678398,0,11/12/2022 15:47:58,96489,6,task-vd7p,,25860721,62824c37f4cc437ab86e0ae6,7647757,,complete,,6395fb90e4352347848b96dd,computer,Desktop or Laptop,Windows 10,Chrome 108.0.0.0,1536x864,1519x754,urn-progress,consent-form-data-task,2,Team Bandit,,,bandit-progressbar,consented,,,,,,,,,,,,,,,,urn-progress,,,,,,consented,Spreadsheet1,,,END TASK,,,,,5267,,,,,0,1,0,,,,,,
1,1670773676903,11/12/2022 15:47:56,1670773675324,0,11/12/2022 15:47:55,96489,6,task-vd7p,,25860724,5d432a9dfc19f8001a2964e7,7647759,,complete,,6395fba3c11e16433d3f7af4,computer,Desktop or Laptop,Windows 10,Firefox 107.0,1920x1080,1920x937,str-finalfeed,consent-form-data-task,2,Team Stroop,stroop-finalfeedback,,,consented,,,,,,str-finalfeed,,,,,,,,,,,,,,,,consented,Spreadsheet1,,,BEGIN TASK,,,,,,,,,,0,1,0,,,,,,
2,1670773679029,11/12/2022 15:47:59,1670773677531,0,11/12/2022 15:47:57,96489,6,task-vd7p,,25860724,5d432a9dfc19f8001a2964e7,7647759,,complete,,6395fba3c11e16433d3f7af4,computer,Desktop or Laptop,Windows 10,Firefox 107.0,1920x1080,1920x937,str-finalfeed,consent-form-data-task,2,Team Stroop,stroop-finalfeedback,,,consented,,,,,,str-finalfeed,,,,,,,,,,,,,,,,consented,Spreadsheet1,Spreadsheet1,1,1,1,Screen 1,continueButton,continue_button,2155,,,,,0,1,0,,,,,,form
3,1670773679096,11/12/2022 15:47:59,1670773677539,0,11/12/2022 15:47:57,96489,6,task-vd7p,,25860724,5d432a9dfc19f8001a2964e7,7647759,,complete,,6395fba3c11e16433d3f7af4,computer,Desktop or Laptop,Windows 10,Firefox 107.0,1920x1080,1920x937,str-finalfeed,consent-form-data-task,2,Team Stroop,stroop-finalfeedback,,,consented,,,,,,str-finalfeed,,,,,,,,,,,,,,,,consented,Spreadsheet1,,,END TASK,,,,,2215,,,,,0,1,0,,,,,,
1,1670773682991,11/12/2022 15:48:02,1670773629831,0,11/12/2022 15:47:09,96489,6,task-vd7p,,25860730,5af2254e54dc3300011a9dec,7647758,,complete,,6395fb9ba3856052f5708b15,computer,Desktop or Laptop,Windows 10,Chrome 108.0.0.0,1536x864,1536x726,urn-vanilla,consent-form-data-task,2,Team Bandit,,,bandit-vanilla,consented,,,,,,,,,,,,,,,urn-vanilla,,,,,,,consented,Spreadsheet1,,,BEGIN TASK,,,,,,,,,,0,1,0,,,,,,
2,1670773684536,11/12/2022 15:48:04,1670773631389,0,11/12/2022 15:47:11,96489,6,task-vd7p,,25860730,5af2254e54dc3300011a9dec,7647758,,complete,,6395fb9ba3856052f5708b15,computer,Desktop or Laptop,Windows 10,Chrome 108.0.0.0,1536x864,1519x726,urn-vanilla,consent-form-data-task,2,Team Bandit,,,bandit-vanilla,consented,,,,,,,,,,,,,,,urn-vanilla,,,,,,,consented,Spreadsheet1,Spreadsheet1,1,1,1,Screen 1,continueButton,continue_button,1510.5,,,,,0,1,0,,,,,,form
3,1670773684699,11/12/2022 15:48:04,1670773631394,0,11/12/2022 15:47:11,96489,6,task-vd7p,,25860730,5af2254e54dc3300011a9dec,7647758,,complete,,6395fb9ba3856052f5708b15,computer,Desktop or Laptop,Windows 10,Chrome 108.0.0.0,1536x864,1519x726,urn-vanilla,consent-form-data-task,2,Team Bandit,,,bandit-vanilla,consented,,,,,,,,,,,,,,,urn-vanilla,,,,,,,consented,Spreadsheet1,,,END TASK,,,,,1563,,,,,0,1,0,,,,,,
1,1670773707157,11/12/2022 15:48:27,1670773705077,0,11/12/2022 15:48:25,96489,6,task-vd7p,,25860742,5ea057b821f4e400081b71a7,7647761,,complete,,6395fb9b80182e6f02414ba1,computer,Desktop or Laptop,Windows 10,Chrome 108.0.0.0,1920x1080,1920x880,str-video,consent-form-data-task,2,Team Stroop,stroop-video,,,consented,,,,str-video,,,,,,,,,,,,,,,,,,consented,Spreadsheet1,,,BEGIN TASK,,,,,,,,,,0,1,0,,,,,,
2,1670773709674,11/12/2022 15:48:29,1670773707617,0,11/12/2022 15:48:27,96489,6,task-vd7p,,25860742,5ea057b821f4e400081b71a7,7647761,,complete,,6395fb9b80182e6f02414ba1,computer,Desktop or Laptop,Windows 10,Chrome 108.0.0.0,1920x1080,1920x880,str-video,consent-form-data-task,2,Team Stroop,stroop-video,,,consented,,,,str-video,,,,,,,,,,,,,,,,,,consented,Spreadsheet1,Spreadsheet1,1,1,1,Screen 1,continueButton,continue_button,2408.899999976158,,,,,0,1,0,,,,,,form
3,1670773709879,11/12/2022 15:48:29,1670773707623,0,11/12/2022 15:48:27,96489,6,task-vd7p,,25860742,5ea057b821f4e400081b71a7,7647761,,complete,,6395fb9b80182e6f02414ba1,computer,Desktop or Laptop,Windows 10,Chrome 108.0.0.0,1920x1080,1920x880,str-video,consent-form-data-task,2,Team Stroop,stroop-video,,,consented,,,,str-video,,,,,,,,,,,,,,,,,,consented,Spreadsheet1,,,END TASK,,,,,2547,,,,,0,1,0,,,,,,
1,1670773708125,11/12/2022 15:48:28,1670773708239,0,11/12/2022 15:48:28,96489,6,task-vd7p,,25860745,5f0c94983314760efb2814c1,7647762,,complete,,6395fbbf7b95028e393f7b01,computer,Desktop or Laptop,Windows 10,Chrome 108.0.0.0,1536x864,1536x714,rdk-video,consent-form-data-task,2,Team RDK,,rdk-video,,consented,,,,,,,,,,,rdk-video,,,,,,,,,,,consented,Spreadsheet1,,,BEGIN TASK,,,,,,,,,,0,1,0,,,,,,
2,1670773710118,11/12/2022 15:48:30,1670773710278,0,11/12/2022 15:48:30,96489,6,task-vd7p,,25860745,5f0c94983314760efb2814c1,7647762,,complete,,6395fbbf7b95028e393f7b01,computer,Desktop or Laptop,Windows 10,Chrome 108.0.0.0,1536x864,1519x714,rdk-video,consent-form-data-task,2,Team RDK,,rdk-video,,consented,,,,,,,,,,,rdk-video,,,,,,,,,,,consented,Spreadsheet1,Spreadsheet1,1,1,1,Screen 1,continueButton,continue_button,2019.7000000476837,,,,,0,1,0,,,,,,form
3,1670773710168,11/12/2022 15:48:30,1670773710281,0,11/12/2022 15:48:30,96489,6,task-vd7p,,25860745,5f0c94983314760efb2814c1,7647762,,complete,,6395fbbf7b95028e393f7b01,computer,Desktop or Laptop,Windows 10,Chrome 108.0.0.0,1536x864,1519x714,rdk-video,consent-form-data-task,2,Team RDK,,rdk-video,,consented,,,,,,,,,,,rdk-video,,,,,,,,,,,consented,Spreadsheet1,,,END TASK,,,,,2042,,,,,0,1,0,,,,,,
1,1670773736184,11/12/2022 15:48:56,1670773735862,0,11/12/2022 15:48:55,96489,6,task-vd7p,,25860761,5f818ae3780d3e22f3c0cc44,7647731,,complete,,6395fa9c684ae2d667d33a20,computer,Desktop or Laptop,Mac OS 10.15.7,Chrome 106.0.0.0,1440x900,1440x789,str-video,consent-form-data-task,2,Team Stroop,stroop-video,,,consented,,,,str-video,,,,,,,,,,,,,,,,,,consented,Spreadsheet1,,,BEGIN TASK,,,,,,,,,,0,1,0,,,,,,
2,1670773737216,11/12/2022 15:48:57,1670773736960,0,11/12/2022 15:48:56,96489,6,task-vd7p,,25860761,5f818ae3780d3e22f3c0cc44,7647731,,complete,,6395fa9c684ae2d667d33a20,computer,Desktop or Laptop,Mac OS 10.15.7,Chrome 106.0.0.0,1440x900,1440x789,str-video,consent-form-data-task,2,Team Stroop,stroop-video,,,consented,,,,str-video,,,,,,,,,,,,,,,,,,consented,Spreadsheet1,Spreadsheet1,1,1,1,Screen 1,continueButton,continue_button,1085.800000011921,,,,,0,1,0,,,,,,form
3,1670773737305,11/12/2022 15:48:57,1670773736963,0,11/12/2022 15:48:56,96489,6,task-vd7p,,25860761,5f818ae3780d3e22f3c0cc44,7647731,,complete,,6395fa9c684ae2d667d33a20,computer,Desktop or Laptop,Mac OS 10.15.7,Chrome 106.0.0.0,1440x900,1440x789,str-video,consent-form-data-task,2,Team Stroop,stroop-video,,,consented,,,,str-video,,,,,,,,,,,,,,,,,,consented,Spreadsheet1,,,END TASK,,,,,1101,,,,,0,1,0,,,,,,
1,1670773742311,11/12/2022 15:49:02,1670773741715,0,11/12/2022 15:49:01,96489,6,task-vd7p,,25860766,5ef722c333956242acf17935,7647767,,complete,,6395fbde195fd474588cdd34,computer,Desktop or Laptop,Windows 10,Chrome 107.0.0.0,1366x768,1242x561,rdk-video,consent-form-data-task,2,Team RDK,,rdk-video,,consented,,,,,,,,,,,rdk-video,,,,,,,,,,,consented,Spreadsheet1,,,BEGIN TASK,,,,,,,,,,0,1,0,,,,,,
2,1670773744789,11/12/2022 15:49:04,1670773744227,0,11/12/2022 15:49:04,96489,6,task-vd7p,,25860766,5ef722c333956242acf17935,7647767,,complete,,6395fbde195fd474588cdd34,computer,Desktop or Laptop,Windows 10,Chrome 107.0.0.0,1366x768,1242x561,rdk-video,consent-form-data-task,2,Team RDK,,rdk-video,,consented,,,,,,,,,,,rdk-video,,,,,,,,,,,consented,Spreadsheet1,Spreadsheet1,1,1,1,Screen 1,continueButton,continue_button,2368.100000023842,,,,,0,1,0,,,,,,form
3,1670773744898,11/12/2022 15:49:04,1670773744231,0,11/12/2022 15:49:04,96489,6,task-vd7p,,25860766,5ef722c333956242acf17935,7647767,,complete,,6395fbde195fd474588cdd34,computer,Desktop or Laptop,Windows 10,Chrome 107.0.0.0,1366x768,1242x561,rdk-video,consent-form-data-task,2,Team RDK,,rdk-video,,consented,,,,,,,,,,,rdk-video,,,,,,,,,,,consented,Spreadsheet1,,,END TASK,,,,,2516,,,,,0,1,0,,,,,,
1,1670773830434,11/12/2022 15:50:30,1670773830355,0,11/12/2022 15:50:30,96489,6,task-vd7p,,25860814,5fde1acf0f62f44eb7affd64,7647776,,complete,,6395fc39ead872a68dd33a35,computer,Desktop or Laptop,Mac OS 10.15.7,Chrome 107.0.0.0,1280x800,1280x604,urn-eyes,consent-form-data-task,2,Team Bandit,,,bandit-eyes,consented,,,,,,,,,,,,,,,,,urn-eyes,,,,,consented,Spreadsheet1,,,BEGIN TASK,,,,,,,,,,0,1,0,,,,,,
2,1670773926328,11/12/2022 15:52:06,1670773926273,0,11/12/2022 15:52:06,96489,6,task-vd7p,,25860814,5fde1acf0f62f44eb7affd64,7647776,,complete,,6395fc39ead872a68dd33a35,computer,Desktop or Laptop,Mac OS 10.15.7,Chrome 107.0.0.0,1280x800,1280x604,urn-eyes,consent-form-data-task,2,Team Bandit,,,bandit-eyes,consented,,,,,,,,,,,,,,,,,urn-eyes,,,,,consented,Spreadsheet1,Spreadsheet1,1,1,1,Screen 1,continueButton,continue_button,95883.19999998808,,,,,0,1,0,,,,,,form
3,1670773926393,11/12/2022 15:52:06,1670773926276,0,11/12/2022 15:52:06,96489,6,task-vd7p,,25860814,5fde1acf0f62f44eb7affd64,7647776,,complete,,6395fc39ead872a68dd33a35,computer,Desktop or Laptop,Mac OS 10.15.7,Chrome 107.0.0.0,1280x800,1280x604,urn-eyes,consent-form-data-task,2,Team Bandit,,,bandit-eyes,consented,,,,,,,,,,,,,,,,,urn-eyes,,,,,consented,Spreadsheet1,,,END TASK,,,,,95921,,,,,0,1,0,,,,,,
1,1670773838269,11/12/2022 15:50:38,1670773837966,0,11/12/2022 15:50:37,96489,6,task-vd7p,,25860817,58413489d0f9ec000178a3ae,7647777,,complete,,6395fc3cead872a68dd33a36,computer,Desktop or Laptop,Windows 10,Chrome 108.0.0.0,1920x1080,1920x975,urn-video,consent-form-data-task,2,Team Bandit,,,bandit-video,consented,,,,,,,,,,,,,,,,,,urn-video,,,,consented,Spreadsheet1,,,BEGIN TASK,,,,,,,,,,0,1,0,,,,,,
2,1670773840338,11/12/2022 15:50:40,1670773840088,0,11/12/2022 15:50:40,96489,6,task-vd7p,,25860817,58413489d0f9ec000178a3ae,7647777,,complete,,6395fc3cead872a68dd33a36,computer,Desktop or Laptop,Windows 10,Chrome 108.0.0.0,1920x1080,1920x975,urn-video,consent-form-data-task,2,Team Bandit,,,bandit-video,consented,,,,,,,,,,,,,,,,,,urn-video,,,,consented,Spreadsheet1,Spreadsheet1,1,1,1,Screen 1,continueButton,continue_button,2083.800000000745,,,,,0,1,0,,,,,,form
3,1670773840405,11/12/2022 15:50:40,1670773840090,0,11/12/2022 15:50:40,96489,6,task-vd7p,,25860817,58413489d0f9ec000178a3ae,7647777,,complete,,6395fc3cead872a68dd33a36,computer,Desktop or Laptop,Windows 10,Chrome 108.0.0.0,1920x1080,1920x975,urn-video,consent-form-data-task,2,Team Bandit,,,bandit-video,consented,,,,,,,,,,,,,,,,,,urn-video,,,,consented,Spreadsheet1,,,END TASK,,,,,2124,,,,,0,1,0,,,,,,
1,1670773861437,11/12/2022 15:51:01,1670773861348,0,11/12/2022 15:51:01,96489,6,task-vd7p,,25860837,5bf0363e880a370001c65960,7647785,,complete,,6395fc560003d06c3187d301,computer,Desktop or Laptop,Mac OS 10.15.7,Chrome 107.0.0.0,1440x900,1440x705,str-video,consent-form-data-task,2,Team Stroop,stroop-video,,,consented,,,,str-video,,,,,,,,,,,,,,,,,,consented,Spreadsheet1,,,BEGIN TASK,,,,,,,,,,0,1,0,,,,,,
2,1670773863243,11/12/2022 15:51:03,1670773863175,0,11/12/2022 15:51:03,96489,6,task-vd7p,,25860837,5bf0363e880a370001c65960,7647785,,complete,,6395fc560003d06c3187d301,computer,Desktop or Laptop,Mac OS 10.15.7,Chrome 107.0.0.0,1440x900,1440x705,str-video,consent-form-data-task,2,Team Stroop,stroop-video,,,consented,,,,str-video,,,,,,,,,,,,,,,,,,consented,Spreadsheet1,Spreadsheet1,1,1,1,Screen 1,continueButton,continue_button,1803,,,,,0,1,0,,,,,,form
3,1670773863290,11/12/2022 15:51:03,1670773863178,0,11/12/2022 15:51:03,96489,6,task-vd7p,,25860837,5bf0363e880a370001c65960,7647785,,complete,,6395fc560003d06c3187d301,computer,Desktop or Laptop,Mac OS 10.15.7,Chrome 107.0.0.0,1440x900,1440x705,str-video,consent-form-data-task,2,Team Stroop,stroop-video,,,consented,,,,str-video,,,,,,,,,,,,,,,,,,consented,Spreadsheet1,,,END TASK,,,,,1830,,,,,0,1,0,,,,,,
1,1670773862793,11/12/2022 15:51:02,1670773862719,0,11/12/2022 15:51:02,96489,6,task-vd7p,,25860839,5eb087d83d8745127270fb51,7647784,,complete,,6395fc524452a895548beef2,computer,Desktop or Laptop,Mac OS 10.15.7,Chrome 108.0.0.0,1440x900,1386x685,urn-video,consent-form-data-task,2,Team Bandit,,,bandit-video,consented,,,,,,,,,,,,,,,,,,urn-video,,,,consented,Spreadsheet1,,,BEGIN TASK,,,,,,,,,,0,1,0,,,,,,
2,1670773868461,11/12/2022 15:51:08,1670773868431,0,11/12/2022 15:51:08,96489,6,task-vd7p,,25860839,5eb087d83d8745127270fb51,7647784,,complete,,6395fc524452a895548beef2,computer,Desktop or Laptop,Mac OS 10.15.7,Chrome 108.0.0.0,1440x900,1386x685,urn-video,consent-form-data-task,2,Team Bandit,,,bandit-video,consented,,,,,,,,,,,,,,,,,,urn-video,,,,consented,Spreadsheet1,Spreadsheet1,1,1,1,Screen 1,continueButton,continue_button,5624.60000000149,,,,,0,1,0,,,,,,form
3,1670773868505,11/12/2022 15:51:08,1670773868433,0,11/12/2022 15:51:08,96489,6,task-vd7p,,25860839,5eb087d83d8745127270fb51,7647784,,complete,,6395fc524452a895548beef2,computer,Desktop or Laptop,Mac OS 10.15.7,Chrome 108.0.0.0,1440x900,1386x685,urn-video,consent-form-data-task,2,Team Bandit,,,bandit-video,consented,,,,,,,,,,,,,,,,,,urn-video,,,,consented,Spreadsheet1,,,END TASK,,,,,5715,,,,,0,1,0,,,,,,
1,1670773868015,11/12/2022 15:51:08,1670773868878,0,11/12/2022 15:51:08,96489,6,task-vd7p,,25860846,5e29dcdf1654ed023e89cc6a,7647786,,complete,,6395fc4ad500c59b36ceb5ed,computer,Desktop or Laptop,Windows 7,Chrome 106.0.0.0,1600x900,1600x757,rdk-video,consent-form-data-task,2,Team RDK,,rdk-video,,consented,,,,,,,,,,,rdk-video,,,,,,,,,,,consented,Spreadsheet1,,,BEGIN TASK,,,,,,,,,,0,1,0,,,,,,
2,1670773870082,11/12/2022 15:51:10,1670773870982,0,11/12/2022 15:51:10,96489,6,task-vd7p,,25860846,5e29dcdf1654ed023e89cc6a,7647786,,complete,,6395fc4ad500c59b36ceb5ed,computer,Desktop or Laptop,Windows 7,Chrome 106.0.0.0,1600x900,1600x757,rdk-video,consent-form-data-task,2,Team RDK,,rdk-video,,consented,,,,,,,,,,,rdk-video,,,,,,,,,,,consented,Spreadsheet1,Spreadsheet1,1,1,1,Screen 1,continueButton,continue_button,2053.6000003814697,,,,,0,1,0,,,,,,form
3,1670773870222,11/12/2022 15:51:10,1670773870987,0,11/12/2022 15:51:10,96489,6,task-vd7p,,25860846,5e29dcdf1654ed023e89cc6a,7647786,,complete,,6395fc4ad500c59b36ceb5ed,computer,Desktop or Laptop,Windows 7,Chrome 106.0.0.0,1600x900,1600x757,rdk-video,consent-form-data-task,2,Team RDK,,rdk-video,,consented,,,,,,,,,,,rdk-video,,,,,,,,,,,consented,Spreadsheet1,,,END TASK,,,,,2109,,,,,0,1,0,,,,,,
1,1670773868948,11/12/2022 15:51:08,1670773869550,0,11/12/2022 15:51:09,96489,6,task-vd7p,,25860847,62fc2c20d6cf5515c1f52085,7647780,,complete,,6395fc389388311fecfcb419,computer,Desktop or Laptop,Windows 10,Chrome 108.0.0.0,1536x864,1536x722,urn-video,consent-form-data-task,2,Team Bandit,,,bandit-video,consented,,,,,,,,,,,,,,,,,,urn-video,,,,consented,Spreadsheet1,,,BEGIN TASK,,,,,,,,,,0,1,0,,,,,,
2,1670773872656,11/12/2022 15:51:12,1670773873210,0,11/12/2022 15:51:13,96489,6,task-vd7p,,25860847,62fc2c20d6cf5515c1f52085,7647780,,complete,,6395fc389388311fecfcb419,computer,Desktop or Laptop,Windows 10,Chrome 108.0.0.0,1536x864,1519x722,urn-video,consent-form-data-task,2,Team Bandit,,,bandit-video,consented,,,,,,,,,,,,,,,,,,urn-video,,,,consented,Spreadsheet1,Spreadsheet1,1,1,1,Screen 1,continueButton,continue_button,3586.4000000059605,,,,,0,1,0,,,,,,form
3,1670773873197,11/12/2022 15:51:13,1670773873214,0,11/12/2022 15:51:13,96489,6,task-vd7p,,25860847,62fc2c20d6cf5515c1f52085,7647780,,complete,,6395fc389388311fecfcb419,computer,Desktop or Laptop,Windows 10,Chrome 108.0.0.0,1536x864,1519x722,urn-video,consent-form-data-task,2,Team Bandit,,,bandit-video,consented,,,,,,,,,,,,,,,,,,urn-video,,,,consented,Spreadsheet1,,,END TASK,,,,,3664,,,,,0,1,0,,,,,,
1,1670773896773,11/12/2022 15:51:36,1670773896697,0,11/12/2022 15:51:36,96489,6,task-vd7p,,25860877,60ea27da64e5bd4f94ecba40,7647787,,complete,,6395fc392ab289caf93f7b1c,computer,Desktop or Laptop,Mac OS 10.13.6,Safari 13.1.2,1280x800,1280x651,urn-vanilla,consent-form-data-task,2,Team Bandit,,,bandit-vanilla,consented,,,,,,,,,,,,,,,urn-vanilla,,,,,,,consented,Spreadsheet1,,,BEGIN TASK,,,,,,,,,,0,1,0,,,,,,
2,1670773907006,11/12/2022 15:51:47,1670773906955,0,11/12/2022 15:51:46,96489,6,task-vd7p,,25860877,60ea27da64e5bd4f94ecba40,7647787,,complete,,6395fc392ab289caf93f7b1c,computer,Desktop or Laptop,Mac OS 10.13.6,Safari 13.1.2,1280x800,1280x651,urn-vanilla,consent-form-data-task,2,Team Bandit,,,bandit-vanilla,consented,,,,,,,,,,,,,,,urn-vanilla,,,,,,,consented,Spreadsheet1,Spreadsheet1,1,1,1,Screen 1,continueButton,continue_button,10226,,,,,0,1,0,,,,,,form
3,1670773907079,11/12/2022 15:51:47,1670773906962,0,11/12/2022 15:51:46,96489,6,task-vd7p,,25860877,60ea27da64e5bd4f94ecba40,7647787,,complete,,6395fc392ab289caf93f7b1c,computer,Desktop or Laptop,Mac OS 10.13.6,Safari 13.1.2,1280x800,1280x651,urn-vanilla,consent-form-data-task,2,Team Bandit,,,bandit-vanilla,consented,,,,,,,,,,,,,,,urn-vanilla,,,,,,,consented,Spreadsheet1,,,END TASK,,,,,10265,,,,,0,1,0,,,,,,
1,1670773933088,11/12/2022 15:52:13,1670773934283,0,11/12/2022 15:52:14,96489,6,task-vd7p,,25860897,5f2ad2bc276ec43b7c3c89da,7647774,,complete,,6395fc0de96bf6a96e2f18d6,computer,Desktop or Laptop,Windows 8.1,Chrome 108.0.0.0,1366x768,1366x663,rdk-posneg,consent-form-data-task,2,Team RDK,,rdk-posnegfeedback,,consented,,,,,,,,,,,,rdk-posneg,,,,,,,,,,consented,Spreadsheet1,,,BEGIN TASK,,,,,,,,,,0,1,0,,,,,,
2,1670773972703,11/12/2022 15:52:52,1670773973925,0,11/12/2022 15:52:53,96489,6,task-vd7p,,25860897,5f2ad2bc276ec43b7c3c89da,7647774,,complete,,6395fc0de96bf6a96e2f18d6,computer,Desktop or Laptop,Windows 8.1,Chrome 108.0.0.0,1366x768,1366x663,rdk-posneg,consent-form-data-task,2,Team RDK,,rdk-posnegfeedback,,consented,,,,,,,,,,,,rdk-posneg,,,,,,,,,,consented,Spreadsheet1,Spreadsheet1,1,1,1,Screen 1,continueButton,continue_button,39494.2000002861,,,,,0,1,0,,,,,,form
3,1670773972778,11/12/2022 15:52:52,1670773973936,0,11/12/2022 15:52:53,96489,6,task-vd7p,,25860897,5f2ad2bc276ec43b7c3c89da,7647774,,complete,,6395fc0de96bf6a96e2f18d6,computer,Desktop or Laptop,Windows 8.1,Chrome 108.0.0.0,1366x768,1366x663,rdk-posneg,consent-form-data-task,2,Team RDK,,rdk-posnegfeedback,,consented,,,,,,,,,,,,rdk-posneg,,,,,,,,,,consented,Spreadsheet1,,,END TASK,,,,,39653,,,,,0,1,0,,,,,,
1,1670773941769,11/12/2022 15:52:21,1670773941692,0,11/12/2022 15:52:21,96489,6,task-vd7p,,25860904,60ddb2f00524f416aef58a3e,7647799,,complete,,6395fcaab9043170bbc57629,computer,Desktop or Laptop,Mac OS 10.15.7,Chrome 108.0.0.0,1440x900,1440x710,urn-posneg,consent-form-data-task,2,Team Bandit,,,bandit-posnegfeedback,consented,,,,,,,,,,,,,,,,,,,urn-posneg,,,consented,Spreadsheet1,,,BEGIN TASK,,,,,,,,,,0,1,0,,,,,,
2,1670773945643,11/12/2022 15:52:25,1670773945589,0,11/12/2022 15:52:25,96489,6,task-vd7p,,25860904,60ddb2f00524f416aef58a3e,7647799,,complete,,6395fcaab9043170bbc57629,computer,Desktop or Laptop,Mac OS 10.15.7,Chrome 108.0.0.0,1440x900,1440x710,urn-posneg,consent-form-data-task,2,Team Bandit,,,bandit-posnegfeedback,consented,,,,,,,,,,,,,,,,,,,urn-posneg,,,consented,Spreadsheet1,Spreadsheet1,1,1,1,Screen 1,continueButton,continue_button,3875.6999999997206,,,,,0,1,0,,,,,,form
3,1670773945726,11/12/2022 15:52:25,1670773945591,0,11/12/2022 15:52:25,96489,6,task-vd7p,,25860904,60ddb2f00524f416aef58a3e,7647799,,complete,,6395fcaab9043170bbc57629,computer,Desktop or Laptop,Mac OS 10.15.7,Chrome 108.0.0.0,1440x900,1440x710,urn-posneg,consent-form-data-task,2,Team Bandit,,,bandit-posnegfeedback,consented,,,,,,,,,,,,,,,,,,,urn-posneg,,,consented,Spreadsheet1,,,END TASK,,,,,3899,,,,,0,1,0,,,,,,
1,1670773986436,11/12/2022 15:53:06,1670773985999,0,11/12/2022 15:53:05,96489,6,task-vd7p,,25860918,5f61247995b5a709106e77de,7647798,,complete,,6395fca3f1f631f2f4592c1b,computer,Desktop or Laptop,Mac OS 10.15.7,Chrome 108.0.0.0,2560x1440,2560x1218,rdk-video,consent-form-data-task,2,Team RDK,,rdk-video,,consented,,,,,,,,,,,rdk-video,,,,,,,,,,,consented,Spreadsheet1,,,BEGIN TASK,,,,,,,,,,0,1,0,,,,,,
2,1670773991969,11/12/2022 15:53:11,1670773991754,0,11/12/2022 15:53:11,96489,6,task-vd7p,,25860918,5f61247995b5a709106e77de,7647798,,complete,,6395fca3f1f631f2f4592c1b,computer,Desktop or Laptop,Mac OS 10.15.7,Chrome 108.0.0.0,2560x1440,2560x1218,rdk-video,consent-form-data-task,2,Team RDK,,rdk-video,,consented,,,,,,,,,,,rdk-video,,,,,,,,,,,consented,Spreadsheet1,Spreadsheet1,1,1,1,Screen 1,continueButton,continue_button,5737.0999999996275,,,,,0,1,0,,,,,,form
3,1670773992037,11/12/2022 15:53:12,1670773991756,0,11/12/2022 15:53:11,96489,6,task-vd7p,,25860918,5f61247995b5a709106e77de,7647798,,complete,,6395fca3f1f631f2f4592c1b,computer,Desktop or Laptop,Mac OS 10.15.7,Chrome 108.0.0.0,2560x1440,2560x1218,rdk-video,consent-form-data-task,2,Team RDK,,rdk-video,,consented,,,,,,,,,,,rdk-video,,,,,,,,,,,consented,Spreadsheet1,,,END TASK,,,,,5757,,,,,0,1,0,,,,,,
1,1670773990670,11/12/2022 15:53:10,1670773990562,0,11/12/2022 15:53:10,96489,6,task-vd7p,,25860923,615a17c90199096a5bbe0f48,7647805,,complete,,6395fcdca3856052f5708b37,computer,Desktop or Laptop,Mac OS 10.15.7,Chrome 107.0.0.0,1440x900,1440x789,rdk-posneg,consent-form-data-task,2,Team RDK,,rdk-posnegfeedback,,consented,,,,,,,,,,,,rdk-posneg,,,,,,,,,,consented,Spreadsheet1,,,BEGIN TASK,,,,,,,,,,0,1,0,,,,,,
2,1670773992232,11/12/2022 15:53:12,1670773992150,0,11/12/2022 15:53:12,96489,6,task-vd7p,,25860923,615a17c90199096a5bbe0f48,7647805,,complete,,6395fcdca3856052f5708b37,computer,Desktop or Laptop,Mac OS 10.15.7,Chrome 107.0.0.0,1440x900,1440x789,rdk-posneg,consent-form-data-task,2,Team RDK,,rdk-posnegfeedback,,consented,,,,,,,,,,,,rdk-posneg,,,,,,,,,,consented,Spreadsheet1,Spreadsheet1,1,1,1,Screen 1,continueButton,continue_button,1559.3999999761581,,,,,0,1,0,,,,,,form
3,1670773992300,11/12/2022 15:53:12,1670773992153,0,11/12/2022 15:53:12,96489,6,task-vd7p,,25860923,615a17c90199096a5bbe0f48,7647805,,complete,,6395fcdca3856052f5708b37,computer,Desktop or Laptop,Mac OS 10.15.7,Chrome 107.0.0.0,1440x900,1440x789,rdk-posneg,consent-form-data-task,2,Team RDK,,rdk-posnegfeedback,,consented,,,,,,,,,,,,rdk-posneg,,,,,,,,,,consented,Spreadsheet1,,,END TASK,,,,,1591,,,,,0,1,0,,,,,,
1,1670774193721,11/12/2022 15:56:33,1670774193719,0,11/12/2022 15:56:33,96489,6,task-vd7p,,25860985,5e88d0b981f7de570bc58fd6,7647811,,complete,,6395fcbb29aa4a9ddc141c57,computer,Desktop or Laptop,Windows 10,Chrome 108.0.0.0,1536x864,1536x754,str-finalfeed,consent-form-data-task,2,Team Stroop,stroop-finalfeedback,,,consented,,,,,,str-finalfeed,,,,,,,,,,,,,,,,consented,Spreadsheet1,,,BEGIN TASK,,,,,,,,,,0,1,0,,,,,,
2,1670774197415,11/12/2022 15:56:37,1670774197447,0,11/12/2022 15:56:37,96489,6,task-vd7p,,25860985,5e88d0b981f7de570bc58fd6,7647811,,complete,,6395fcbb29aa4a9ddc141c57,computer,Desktop or Laptop,Windows 10,Chrome 108.0.0.0,1536x864,1519x754,str-finalfeed,consent-form-data-task,2,Team Stroop,stroop-finalfeedback,,,consented,,,,,,str-finalfeed,,,,,,,,,,,,,,,,consented,Spreadsheet1,Spreadsheet1,1,1,1,Screen 1,continueButton,continue_button,3650.2999999998137,,,,,0,1,0,,,,,,form
3,1670774197476,11/12/2022 15:56:37,1670774197450,0,11/12/2022 15:56:37,96489,6,task-vd7p,,25860985,5e88d0b981f7de570bc58fd6,7647811,,complete,,6395fcbb29aa4a9ddc141c57,computer,Desktop or Laptop,Windows 10,Chrome 108.0.0.0,1536x864,1519x754,str-finalfeed,consent-form-data-task,2,Team Stroop,stroop-finalfeedback,,,consented,,,,,,str-finalfeed,,,,,,,,,,,,,,,,consented,Spreadsheet1,,,END TASK,,,,,3731,,,,,0,1,0,,,,,,
1,1670786497284,11/12/2022 19:21:37,1670786497210,0,11/12/2022 19:21:37,96489,6,task-vd7p,,25863020,5b6f5150410d9d0001a551e4,7648663,,rejected - manual,,63962cfb57965e5935ab5ee2,computer,Desktop or Laptop,Windows 10,Chrome 107.0.0.0,1366x768,1366x695,,consent-form-data-task,2,Team RDK,,rdk-video,,consented,,,,,,,,,,,,,,,,,,,,,,consented,Spreadsheet1,,,BEGIN TASK,,,,,,,,,,0,1,0,,,,,,
2,1670786506087,11/12/2022 19:21:46,1670786505974,0,11/12/2022 19:21:45,96489,6,task-vd7p,,25863020,5b6f5150410d9d0001a551e4,7648663,,rejected - manual,,63962cfb57965e5935ab5ee2,computer,Desktop or Laptop,Windows 10,Chrome 107.0.0.0,1366x768,1366x695,,consent-form-data-task,2,Team RDK,,rdk-video,,consented,,,,,,,,,,,,,,,,,,,,,,consented,Spreadsheet1,Spreadsheet1,1,1,1,Screen 1,continueButton,continue_button,8692,,,,,0,1,0,,,,,,form
3,1670786506170,11/12/2022 19:21:46,1670786505984,0,11/12/2022 19:21:45,96489,6,task-vd7p,,25863020,5b6f5150410d9d0001a551e4,7648663,,rejected - manual,,63962cfb57965e5935ab5ee2,computer,Desktop or Laptop,Windows 10,Chrome 107.0.0.0,1366x768,1366x695,,consent-form-data-task,2,Team RDK,,rdk-video,,consented,,,,,,,,,,,,,,,,,,,,,,consented,Spreadsheet1,,,END TASK,,,,,8774,,,,,0,1,0,,,,,,
1,1670790002318,11/12/2022 20:20:02,1670790002239,0,11/12/2022 20:20:02,96489,6,task-vd7p,,25863877,5c17c149f596b100011ca8b8,7648867,,rejected - manual,,63961d7ba295cbd1be366b45,computer,Desktop or Laptop,Mac OS 10.13,Firefox 107.0,1708x960,1708x769,rdk-finalfeed,consent-form-data-task,2,Team RDK,,rdk-finalfeedback,,consented,,,,,,,,,,,,,rdk-finalfeed,,,,,,,,,consented,Spreadsheet1,,,BEGIN TASK,,,,,,,,,,0,1,0,,,,,,
2,1670790005124,11/12/2022 20:20:05,1670790005107,0,11/12/2022 20:20:05,96489,6,task-vd7p,,25863877,5c17c149f596b100011ca8b8,7648867,,rejected - manual,,63961d7ba295cbd1be366b45,computer,Desktop or Laptop,Mac OS 10.13,Firefox 107.0,1708x960,1708x769,rdk-finalfeed,consent-form-data-task,2,Team RDK,,rdk-finalfeedback,,consented,,,,,,,,,,,,,rdk-finalfeed,,,,,,,,,consented,Spreadsheet1,Spreadsheet1,1,1,1,Screen 1,continueButton,continue_button,2837,,,,,0,1,0,,,,,,form
3,1670790005199,11/12/2022 20:20:05,1670790005109,0,11/12/2022 20:20:05,96489,6,task-vd7p,,25863877,5c17c149f596b100011ca8b8,7648867,,rejected - manual,,63961d7ba295cbd1be366b45,computer,Desktop or Laptop,Mac OS 10.13,Firefox 107.0,1708x960,1708x769,rdk-finalfeed,consent-form-data-task,2,Team RDK,,rdk-finalfeedback,,consented,,,,,,,,,,,,,rdk-finalfeed,,,,,,,,,consented,Spreadsheet1,,,END TASK,,,,,2870,,,,,0,1,0,,,,,,
4,1670790135194,11/12/2022 20:22:15,1670790135140,0,11/12/2022 20:22:15,96489,6,task-vd7p,,25863877,5c17c149f596b100011ca8b8,7648867,,rejected - manual,,63961d7ba295cbd1be366b45,computer,Desktop or Laptop,Mac OS 10.13,Firefox 107.0,1708x960,1708x960,rdk-finalfeed,consent-form-data-task,2,Team RDK,,rdk-finalfeedback,,consented,,,,,,,,,,,,,rdk-finalfeed,,,,,,,,,consented,Spreadsheet1,,,,,,,,,,,Unexpectedly long close out at end of task!,,0,1,0,,,,,,
1,1670849152191,12/12/2022 12:45:52,1670849152113,0,12/12/2022 12:45:52,96489,6,task-vd7p,,25878599,5eabdd3089a8d81cfd70b33b,7651844,,complete,,63972263a77a4263db3f7aab,computer,Desktop or Laptop,Windows 10,Firefox 107.0,1920x1080,1920x955,urn-progress,consent-form-data-task,2,Team Bandit,,,bandit-progressbar,consented,,,,,,,,,,,,,,,,urn-progress,,,,,,consented,Spreadsheet1,,,BEGIN TASK,,,,,,,,,,0,1,0,,,,,,
2,1670849154209,12/12/2022 12:45:54,1670849154160,0,12/12/2022 12:45:54,96489,6,task-vd7p,,25878599,5eabdd3089a8d81cfd70b33b,7651844,,complete,,63972263a77a4263db3f7aab,computer,Desktop or Laptop,Windows 10,Firefox 107.0,1920x1080,1920x955,urn-progress,consent-form-data-task,2,Team Bandit,,,bandit-progressbar,consented,,,,,,,,,,,,,,,,urn-progress,,,,,,consented,Spreadsheet1,Spreadsheet1,1,1,1,Screen 1,continueButton,continue_button,2027,,,,,0,1,0,,,,,,form
3,1670849154283,12/12/2022 12:45:54,1670849154175,0,12/12/2022 12:45:54,96489,6,task-vd7p,,25878599,5eabdd3089a8d81cfd70b33b,7651844,,complete,,63972263a77a4263db3f7aab,computer,Desktop or Laptop,Windows 10,Firefox 107.0,1920x1080,1920x955,urn-progress,consent-form-data-task,2,Team Bandit,,,bandit-progressbar,consented,,,,,,,,,,,,,,,,urn-progress,,,,,,consented,Spreadsheet1,,,END TASK,,,,,2062,,,,,0,1,0,,,,,,
1,1670849180426,12/12/2022 12:46:20,1670849177856,0,12/12/2022 12:46:17,96489,6,task-vd7p,,25878630,5bfece626e6cd80001beb6c0,7651852,,complete,,6397227d084611dfd556c395,computer,Desktop or Laptop,Windows 10,Edge 108.0.1462.46,1366x768,1350x640,str-posneg,consent-form-data-task,2,Team Stroop,stroop-posnegfeedback,,,consented,,,,,str-posneg,,,,,,,,,,,,,,,,,consented,Spreadsheet1,,,BEGIN TASK,,,,,,,,,,0,1,0,,,,,,
2,1670849184017,12/12/2022 12:46:24,1670849181406,0,12/12/2022 12:46:21,96489,6,task-vd7p,,25878630,5bfece626e6cd80001beb6c0,7651852,,complete,,6397227d084611dfd556c395,computer,Desktop or Laptop,Windows 10,Edge 108.0.1462.46,1366x768,1350x640,str-posneg,consent-form-data-task,2,Team Stroop,stroop-posnegfeedback,,,consented,,,,,str-posneg,,,,,,,,,,,,,,,,,consented,Spreadsheet1,Spreadsheet1,1,1,1,Screen 1,continueButton,continue_button,3439.7000000178814,,,,,0,1,0,,,,,,form
3,1670849184116,12/12/2022 12:46:24,1670849181412,0,12/12/2022 12:46:21,96489,6,task-vd7p,,25878630,5bfece626e6cd80001beb6c0,7651852,,complete,,6397227d084611dfd556c395,computer,Desktop or Laptop,Windows 10,Edge 108.0.1462.46,1366x768,1350x640,str-posneg,consent-form-data-task,2,Team Stroop,stroop-posnegfeedback,,,consented,,,,,str-posneg,,,,,,,,,,,,,,,,,consented,Spreadsheet1,,,END TASK,,,,,3556,,,,,0,1,0,,,,,,
1,1670849294417,12/12/2022 12:48:14,1670849294396,0,12/12/2022 12:48:14,96489,6,task-vd7p,,25878737,57e280e7ea00cf0001d491c9,7651872,,complete,,639722fc4f1d25fa450b6bd5,computer,Desktop or Laptop,Chromium OS 14541.0.0,Chrome 108.0.0.0,1396x785,1396x666,urn-bonus,consent-form-data-task,2,Team Bandit,,,bandit-bonus,consented,,,,,,,,,,,,,,,,,,,,,urn-bonus,consented,Spreadsheet1,,,BEGIN TASK,,,,,,,,,,0,1,0,,,,,,
2,1670849296492,12/12/2022 12:48:16,1670849296520,0,12/12/2022 12:48:16,96489,6,task-vd7p,,25878737,57e280e7ea00cf0001d491c9,7651872,,complete,,639722fc4f1d25fa450b6bd5,computer,Desktop or Laptop,Chromium OS 14541.0.0,Chrome 108.0.0.0,1396x785,1396x666,urn-bonus,consent-form-data-task,2,Team Bandit,,,bandit-bonus,consented,,,,,,,,,,,,,,,,,,,,,urn-bonus,consented,Spreadsheet1,Spreadsheet1,1,1,1,Screen 1,continueButton,continue_button,2074.2000000001863,,,,,0,1,0,,,,,,form
3,1670849296562,12/12/2022 12:48:16,1670849296524,0,12/12/2022 12:48:16,96489,6,task-vd7p,,25878737,57e280e7ea00cf0001d491c9,7651872,,complete,,639722fc4f1d25fa450b6bd5,computer,Desktop or Laptop,Chromium OS 14541.0.0,Chrome 108.0.0.0,1396x785,1396x666,urn-bonus,consent-form-data-task,2,Team Bandit,,,bandit-bonus,consented,,,,,,,,,,,,,,,,,,,,,urn-bonus,consented,Spreadsheet1,,,END TASK,,,,,2128,,,,,0,1,0,,,,,,
1,1670849333456,12/12/2022 12:48:53,1670849333390,0,12/12/2022 12:48:53,96489,6,task-vd7p,,25878772,595133ca2e0323000136855a,7651879,,complete,,63972323a20abca7dcc5764b,computer,Desktop or Laptop,Windows 10,Edge 108.0.1462.42,1366x768,1319x657,rdk-finalfeed,consent-form-data-task,2,Team RDK,,rdk-finalfeedback,,consented,,,,,,,,,,,,,rdk-finalfeed,,,,,,,,,consented,Spreadsheet1,,,BEGIN TASK,,,,,,,,,,0,1,0,,,,,,
2,1670849335792,12/12/2022 12:48:55,1670849335755,0,12/12/2022 12:48:55,96489,6,task-vd7p,,25878772,595133ca2e0323000136855a,7651879,,complete,,63972323a20abca7dcc5764b,computer,Desktop or Laptop,Windows 10,Edge 108.0.1462.42,1366x768,1319x657,rdk-finalfeed,consent-form-data-task,2,Team RDK,,rdk-finalfeedback,,consented,,,,,,,,,,,,,rdk-finalfeed,,,,,,,,,consented,Spreadsheet1,Spreadsheet1,1,1,1,Screen 1,continueButton,continue_button,2309.5999999996275,,,,,0,1,0,,,,,,form
3,1670849335882,12/12/2022 12:48:55,1670849335759,0,12/12/2022 12:48:55,96489,6,task-vd7p,,25878772,595133ca2e0323000136855a,7651879,,complete,,63972323a20abca7dcc5764b,computer,Desktop or Laptop,Windows 10,Edge 108.0.1462.42,1366x768,1319x657,rdk-finalfeed,consent-form-data-task,2,Team RDK,,rdk-finalfeedback,,consented,,,,,,,,,,,,,rdk-finalfeed,,,,,,,,,consented,Spreadsheet1,,,END TASK,,,,,2368,,,,,0,1,0,,,,,,
1,1670849450693,12/12/2022 12:50:50,1670849450611,0,12/12/2022 12:50:50,96489,6,task-vd7p,,25878884,5f0f56e34a14ba0fa8389150,7651899,,complete,,639723993fc8728a89fcb3dc,computer,Desktop or Laptop,Windows 10,Chrome 108.0.0.0,1536x864,1536x722,urn-video,consent-form-data-task,2,Team Bandit,,,bandit-video,consented,,,,,,,,,,,,,,,,,,urn-video,,,,consented,Spreadsheet1,,,BEGIN TASK,,,,,,,,,,0,1,0,,,,,,
2,1670849452657,12/12/2022 12:50:52,1670849452642,0,12/12/2022 12:50:52,96489,6,task-vd7p,,25878884,5f0f56e34a14ba0fa8389150,7651899,,complete,,639723993fc8728a89fcb3dc,computer,Desktop or Laptop,Windows 10,Chrome 108.0.0.0,1536x864,1519x722,urn-video,consent-form-data-task,2,Team Bandit,,,bandit-video,consented,,,,,,,,,,,,,,,,,,urn-video,,,,consented,Spreadsheet1,Spreadsheet1,1,1,1,Screen 1,continueButton,continue_button,1972.1000000238419,,,,,0,1,0,,,,,,form
3,1670849452735,12/12/2022 12:50:52,1670849452649,0,12/12/2022 12:50:52,96489,6,task-vd7p,,25878884,5f0f56e34a14ba0fa8389150,7651899,,complete,,639723993fc8728a89fcb3dc,computer,Desktop or Laptop,Windows 10,Chrome 108.0.0.0,1536x864,1519x722,urn-video,consent-form-data-task,2,Team Bandit,,,bandit-video,consented,,,,,,,,,,,,,,,,,,urn-video,,,,consented,Spreadsheet1,,,END TASK,,,,,2038,,,,,0,1,0,,,,,,
1,1670851834660,12/12/2022 13:30:34,1670851834709,0,12/12/2022 13:30:34,96489,6,task-vd7p,,25880721,60dddafcba71ad145265250d,7652229,,complete,,63972cde96c6342e2bd33a2e,computer,Desktop or Laptop,Windows 10,Chrome 107.0.0.0,1280x720,1280x569,rdk-bonus,consent-form-data-task,2,Team RDK,,rdk-bonus,,consented,,,,,,,,,,,,,,rdk-bonus,,,,,,,,consented,Spreadsheet1,,,BEGIN TASK,,,,,,,,,,0,1,0,,,,,,
2,1670851837350,12/12/2022 13:30:37,1670851837461,0,12/12/2022 13:30:37,96489,6,task-vd7p,,25880721,60dddafcba71ad145265250d,7652229,,complete,,63972cde96c6342e2bd33a2e,computer,Desktop or Laptop,Windows 10,Chrome 107.0.0.0,1280x720,1280x569,rdk-bonus,consent-form-data-task,2,Team RDK,,rdk-bonus,,consented,,,,,,,,,,,,,,rdk-bonus,,,,,,,,consented,Spreadsheet1,Spreadsheet1,1,1,1,Screen 1,continueButton,continue_button,2702.300000190735,,,,,0,1,0,,,,,,form
3,1670851837432,12/12/2022 13:30:37,1670851837465,0,12/12/2022 13:30:37,96489,6,task-vd7p,,25880721,60dddafcba71ad145265250d,7652229,,complete,,63972cde96c6342e2bd33a2e,computer,Desktop or Laptop,Windows 10,Chrome 107.0.0.0,1280x720,1280x569,rdk-bonus,consent-form-data-task,2,Team RDK,,rdk-bonus,,consented,,,,,,,,,,,,,,rdk-bonus,,,,,,,,consented,Spreadsheet1,,,END TASK,,,,,2757,,,,,0,1,0,,,,,,
END OF FILE
